date,world_cup,home_team,away_team,pred_home_goals_mean,pred_away_goals_mean,pred_home_goals_modal,pred_away_goals_modal,pred_outcome_poisson,poisson_p_home_win,poisson_p_draw,poisson_p_away_win,pred_outcome_logit,logit_p_away_win,logit_p_draw,logit_p_home_win,home_score,away_score,actual_outcome,backtest_type,train_world_cups
2018-06-14,2018,Russia,Saudi Arabia,0.6823152046642881,1.3909478598442526,0,1,away_win,0.18320048694041163,0.27664009704499953,0.5401594160145888,away_win,0.8656583064419878,0.12079271244747214,0.013548981110540046,5,0,home_win,temporal,2014
2018-06-15,2018,Portugal,Spain,1.0467442223559877,1.5918757132451589,1,1,away_win,0.24952323034937374,0.2503526626100773,0.5001241070405489,home_win,0.1637377039101863,0.30839480737060604,0.5278674887192077,3,3,draw,temporal,2014
2018-06-15,2018,Egypt,Uruguay,0.8197902701722948,1.49121229886455,0,1,away_win,0.2064136168810401,0.26287686448761377,0.530709518631346,away_win,0.9248450880253265,0.058925631043897364,0.016229280930776142,0,1,away_win,temporal,2014
2018-06-15,2018,Morocco,Iran,1.285616605367009,1.1502773094737833,1,1,home_win,0.3958739457964804,0.273430554479882,0.33069549972363743,home_win,0.08777399919378283,0.4215808540906918,0.49064514671552534,0,1,away_win,temporal,2014
2018-06-16,2018,France,Australia,1.8815041006164004,0.8615111513495557,1,0,home_win,0.6138960630057133,0.21948443465743117,0.16661950233685574,home_win,0.0472916540622839,0.045581646221676146,0.9071266997160399,2,1,home_win,temporal,2014
2018-06-16,2018,Argentina,Iceland,1.363581731684487,1.2647482099109346,1,1,home_win,0.39209494862225747,0.2618772556153582,0.3460277957623844,away_win,0.7086140689130933,0.05601156140723503,0.2353743696796718,1,1,draw,temporal,2014
2018-06-16,2018,Peru,Denmark,1.059783942971288,1.376192480209404,1,1,away_win,0.2891068504519161,0.26995836418760205,0.44093478536048203,draw,0.1415156168790449,0.6707723485597152,0.1877120345612399,0,1,away_win,temporal,2014
2018-06-16,2018,Croatia,Nigeria,1.404708263534466,0.9259269161768985,1,0,home_win,0.48073712687717457,0.27128177471473336,0.24798109840809207,home_win,0.2946981834646303,0.21749558066794014,0.48780623586742966,2,0,home_win,temporal,2014
2018-06-17,2018,Costa Rica,Serbia,1.0011498711238103,1.2887527920738964,1,1,away_win,0.28877143218727075,0.2806538278049706,0.43057474000775864,away_win,0.8288871316293155,0.04889291334322378,0.12221995502746066,0,1,away_win,temporal,2014
2018-06-17,2018,Germany,Mexico,2.324583741631383,0.7057947695055435,2,0,home_win,0.7372628945713031,0.16672942463318735,0.09600768079550963,home_win,0.3195652470507774,0.18532694160291407,0.49510781134630844,0,1,away_win,temporal,2014
2018-06-17,2018,Brazil,Switzerland,1.6482715940498363,1.225052895250297,1,1,home_win,0.47271779613144643,0.2429295185685841,0.2843526852999696,home_win,0.08547330485037659,0.1927047198609364,0.721821975288687,1,1,draw,temporal,2014
2018-06-18,2018,Sweden,South Korea,1.5926224375219147,0.6875541580291195,1,0,home_win,0.5916816349730122,0.24891227107484892,0.15940609395213887,home_win,0.12435001775970805,0.22459877383591098,0.651051208404381,1,0,home_win,temporal,2014
2018-06-18,2018,Belgium,Panama,4.311117932242276,0.41217222262065023,4,0,home_win,0.9558147987065262,0.034343519025464155,0.009841682268009695,home_win,0.004348982099004199,0.22781400138631092,0.767837016514685,3,0,home_win,temporal,2014
2018-06-18,2018,Tunisia,England,0.8823897851675035,1.2871126956499659,0,1,away_win,0.25541573841159576,0.285808698981631,0.45877556260677316,draw,0.3626990966194572,0.43891915900216394,0.19838174437837888,1,2,away_win,temporal,2014
2018-06-19,2018,Colombia,Japan,1.457964607615249,0.9522118927820896,1,0,home_win,0.4885428786084209,0.26502910188126355,0.2464280195103156,home_win,0.301077312716615,0.017558266890449144,0.6813644203929358,1,2,away_win,temporal,2014
2018-06-19,2018,Poland,Senegal,1.4998533333452118,0.9683487241147898,1,0,home_win,0.49559013343169384,0.2604068547152848,0.24400301185302134,draw,0.14612432323699603,0.60724401921269,0.24663165755031397,1,2,away_win,temporal,2014
2018-06-19,2018,Russia,Egypt,0.6460285073165801,1.6991535415095376,0,1,away_win,0.13771905847041435,0.23367978225833302,0.6286011592712529,away_win,0.8520660199110319,0.14586231844340575,0.002071661645562179,3,1,home_win,temporal,2014
2018-06-20,2018,Iran,Spain,0.6484972453713184,2.494868604242874,0,2,away_win,0.07614164838013036,0.14694753129729696,0.7769108203225727,away_win,0.5129109959050387,0.391506429281472,0.09558257481348936,0,1,away_win,temporal,2014
2018-06-20,2018,Uruguay,Saudi Arabia,1.5749720227114745,0.6710903364296666,1,0,home_win,0.5917302967595773,0.2509286859336925,0.1573410173067298,home_win,0.06519115063197559,0.09751607818897935,0.8372927711790451,1,0,home_win,temporal,2014
2018-06-20,2018,Portugal,Morocco,1.8566711522567179,0.820300454760622,1,0,home_win,0.6187931574505654,0.22085464993744958,0.16035219261198472,home_win,0.010089856222896102,0.11208444186321483,0.8778257019138891,1,0,home_win,temporal,2014
2018-06-21,2018,Denmark,Australia,1.5055601895874733,0.7446781392423908,1,0,home_win,0.5541685559444361,0.2610637584929441,0.1847676855626198,home_win,0.034786561232289154,0.12940417520524358,0.8358092635624673,1,1,draw,temporal,2014
2018-06-21,2018,France,Peru,1.7198327988872535,1.2260540987813018,1,1,home_win,0.4896702031125725,0.23746453694202527,0.2728652599454023,home_win,0.10670684346429532,0.08305974838945962,0.8102334081462451,1,0,home_win,temporal,2014
2018-06-21,2018,Argentina,Croatia,1.4306749817158098,1.1912624721232594,1,1,home_win,0.42554134551826056,0.2604037457998589,0.31405490868188046,home_win,0.45146126963709027,0.08912892170280425,0.4594098086601054,0,3,away_win,temporal,2014
2018-06-22,2018,Brazil,Costa Rica,2.35912121073207,0.6688186248167013,2,0,home_win,0.7515004466429281,0.16090007145273014,0.08759948190434164,home_win,0.11205753195887734,0.38810142573371476,0.49984104230740795,2,0,home_win,temporal,2014
2018-06-22,2018,Nigeria,Iceland,0.8825044429445199,1.4913608909258826,0,1,away_win,0.2228653888107063,0.26242001971804996,0.5147145914712438,away_win,0.8554484181525583,0.11901680277636757,0.0255347790710742,2,0,home_win,temporal,2014
2018-06-22,2018,Serbia,Switzerland,0.900426230438852,1.8337730181120684,0,1,away_win,0.18091566937902573,0.22549631383364685,0.5935880167873275,away_win,0.6611187920982972,0.2378107854045323,0.10107042249717055,1,2,away_win,temporal,2014
2018-06-23,2018,Belgium,Tunisia,2.80281071191436,0.5737958358093836,2,0,home_win,0.8326830178154161,0.11585065045835628,0.0514663317262276,home_win,0.013751423401351628,0.3871545150427169,0.5990940615559315,5,2,home_win,temporal,2014
2018-06-23,2018,South Korea,Mexico,0.7587040836523415,1.5557684743523363,0,1,away_win,0.1818510592428662,0.2547532471498963,0.5633956936072375,away_win,0.8789932689683272,0.11492436063661339,0.006082370395059471,1,2,away_win,temporal,2014
2018-06-23,2018,Germany,Sweden,2.106588394188635,0.7225140531711073,2,0,home_win,0.6945384249564222,0.18961028490956908,0.11585129013400888,home_win,0.19683359639140305,0.34205656220616565,0.4611098414024313,2,1,home_win,temporal,2014
2018-06-24,2018,Poland,Colombia,1.7652440404213712,0.9941669302829579,1,0,home_win,0.5547904567337045,0.23387939154477053,0.21133015172152492,draw,0.36498253453788626,0.5154632302320898,0.11955423523002394,0,3,away_win,temporal,2014
2018-06-24,2018,England,Panama,1.9797607449713532,0.6338431481595291,1,0,home_win,0.6923095698150967,0.19845470879715688,0.10923572138774643,home_win,0.058294935562271465,0.30647322780072117,0.6352318366370073,6,1,home_win,temporal,2014
2018-06-24,2018,Japan,Senegal,0.8090542433437468,1.4201017199263686,0,1,away_win,0.21384697301697775,0.27166318466293604,0.5144898423200864,away_win,0.5311211734387287,0.46130805451731166,0.007570772043959702,2,2,draw,temporal,2014
2018-06-25,2018,Russia,Uruguay,0.5354573782502992,2.5617843434871617,0,2,away_win,0.05694275182822293,0.13209961720058638,0.8109576309711907,away_win,0.9799521600614856,0.01975938210827869,0.0002884578302356177,0,3,away_win,temporal,2014
2018-06-25,2018,Saudi Arabia,Egypt,0.8096694637674401,1.0446309803446783,0,1,away_win,0.27684284525520814,0.31976050206196005,0.4033966526828318,draw,0.31601434255320454,0.6678356703864363,0.01614998706035907,2,1,home_win,temporal,2014
2018-06-25,2018,Spain,Morocco,2.4887041860764363,0.7230072570344096,2,0,home_win,0.7594452058683487,0.15286583894334813,0.08768895518830315,home_win,0.0027695149446884107,0.17233780028460002,0.8248926847707116,2,2,draw,temporal,2014
2018-06-25,2018,Iran,Portugal,0.735763825485068,1.861270050528399,0,1,away_win,0.1413371892498438,0.21726326786967332,0.6413995428804827,draw,0.3538560009980249,0.5965085242993411,0.049635474702634054,1,1,draw,temporal,2014
2018-06-26,2018,Iceland,Croatia,1.2549921282365621,1.1266384803911504,1,1,home_win,0.39262881187827214,0.2771635188317306,0.33020766928999706,away_win,0.4358397486814681,0.2601331009089539,0.3040271504095779,1,2,away_win,temporal,2014
2018-06-26,2018,Australia,Peru,0.9266067430578847,1.4426571370473615,0,1,away_win,0.24205898175253063,0.2671574610732271,0.49078355717424227,draw,0.21302273412877537,0.586074358602705,0.20090290726851964,0,2,away_win,temporal,2014
2018-06-26,2018,Denmark,France,1.2795127781945572,1.3821633590285525,1,1,away_win,0.3462413101707145,0.2599365042830179,0.3938221855462674,away_win,0.474248410574899,0.1694104227642598,0.3563411666608411,0,0,draw,temporal,2014
2018-06-26,2018,Nigeria,Argentina,0.9331249044474823,1.700132349320102,0,1,away_win,0.20576707412882528,0.23985192174742112,0.5543810041237538,away_win,0.941455172849899,0.05132476481638776,0.0072200623337133575,1,2,away_win,temporal,2014
2018-06-27,2018,Serbia,Brazil,0.7801404872339143,2.1376873665471323,0,2,away_win,0.12408877251369568,0.18958648145209533,0.686324746034209,away_win,0.5632531047105421,0.36473317620133655,0.07201371908812124,0,2,away_win,temporal,2014
2018-06-27,2018,Switzerland,Costa Rica,2.0237256814985076,0.7719402377464757,2,0,home_win,0.6661347555788389,0.20093877912943942,0.1329264652917217,draw,0.2370805960740285,0.40186774928921354,0.3610516546367579,2,2,draw,temporal,2014
2018-06-27,2018,South Korea,Germany,0.4532925590275252,3.0613846170898933,0,3,away_win,0.030876822782602044,0.08817097877944503,0.8809521984379529,away_win,0.9597098915872067,0.03983858833427744,0.0004515200785159135,2,0,home_win,temporal,2014
2018-06-27,2018,Mexico,Sweden,1.070549513386725,1.2093169228569611,1,1,away_win,0.3234793291374587,0.2842946426327978,0.3922260282297434,away_win,0.633213643956929,0.2661575868989037,0.10062876914416732,0,3,away_win,temporal,2014
2018-06-28,2018,England,Belgium,0.7318413765814119,2.4507399716327214,0,2,away_win,0.09154613191489706,0.15683460655701414,0.7516192615280891,away_win,0.7442801871832372,0.12689417492664062,0.12882563789012216,0,1,away_win,temporal,2014
2018-06-28,2018,Panama,Tunisia,0.7249003916770036,1.5522195214895405,0,1,away_win,0.17368786953883153,0.25483756579158384,0.5714745646695846,away_win,0.9384358827055621,0.04819019229987473,0.013373924994563257,1,2,away_win,temporal,2014
2018-06-28,2018,Senegal,Colombia,1.3499636128245178,1.1775886994689926,1,1,home_win,0.40727400507863337,0.2671096208701001,0.32561637405126675,away_win,0.8608348731211508,0.11630478302213747,0.022860343856711686,0,1,away_win,temporal,2014
2018-06-28,2018,Japan,Poland,0.6830355742205667,1.8569582721175344,0,1,away_win,0.1303536626839139,0.2154916024934937,0.6541547348225923,away_win,0.8127982180911134,0.17367784282635804,0.013523939082528596,0,1,away_win,temporal,2014
2018-06-30,2018,France,Argentina,1.4589651232355096,1.0151097589377458,1,1,home_win,0.47356070162955183,0.26355044794885957,0.26288885042158866,away_win,0.46341062837297,0.1499054573310722,0.38668391429595783,4,3,home_win,temporal,2014
2018-06-30,2018,Uruguay,Portugal,0.63165463069552,1.4928152748780672,0,1,away_win,0.15680229301009443,0.26169723003612194,0.5815004769537836,away_win,0.5072996197512297,0.2723404300197515,0.22035995022901872,2,1,home_win,temporal,2014
2018-07-01,2018,Russia,Spain,0.24119127544004734,4.147383775322549,0,4,away_win,0.005443996686694432,0.0290733045547965,0.9654826987585089,away_win,0.9771551208971395,0.02215769329172865,0.0006871858111318658,1,1,draw,temporal,2014
2018-07-01,2018,Croatia,Denmark,0.7249768031784919,1.1584433260265459,0,1,away_win,0.23014821158449686,0.30923790154881353,0.46061388686668975,draw,0.272152971955095,0.5715309851667357,0.15631604287816925,1,1,draw,temporal,2014
2018-07-02,2018,Brazil,Mexico,1.6196573528229368,0.6691211511822245,1,0,home_win,0.6033383286178298,0.24489326608168985,0.15176840530048039,home_win,0.04167060173799004,0.2904087652803434,0.6679206329816666,2,0,home_win,temporal,2014
2018-07-02,2018,Belgium,Japan,2.7355903610535663,0.374866185012754,2,0,home_win,0.8644971159747212,0.10365846840500867,0.03184441562027008,home_win,0.0005753885105352694,0.06002781682840164,0.9393967946610631,3,2,home_win,temporal,2014
2018-07-03,2018,Colombia,England,0.839064478150507,1.1941983847589202,0,1,away_win,0.258773343976725,0.29883532454986184,0.4423913314734132,away_win,0.6161948827184025,0.05928008403805806,0.32452503324353943,1,1,draw,temporal,2014
2018-07-03,2018,Sweden,Switzerland,0.7905838570445929,1.2590965264755305,0,1,away_win,0.23351339429911638,0.292621196932536,0.4738654087683476,away_win,0.4363097556509147,0.2752387205729193,0.28845152377616606,1,0,home_win,temporal,2014
2018-07-06,2018,Brazil,Belgium,0.9100450325863019,1.6065228574158221,0,1,away_win,0.21313781428592624,0.24961558424648192,0.5372466014675918,home_win,0.14963252757569756,0.15861516860766156,0.6917523038166409,1,2,away_win,temporal,2014
2018-07-06,2018,Uruguay,France,0.8808322465003481,1.4413629519737077,0,1,away_win,0.23001034788727237,0.26811239113843816,0.5018772609742892,away_win,0.622100939766935,0.09015038935876053,0.2877486708743044,0,2,away_win,temporal,2014
2018-07-07,2018,Sweden,England,0.8374985021099549,0.9460472048251923,0,0,away_win,0.30524571709787657,0.32999566837276234,0.3647586145293609,draw,0.21536312900365517,0.43341365819225725,0.35122321280408764,0,2,away_win,temporal,2014
2018-07-07,2018,Russia,Croatia,0.4310567826901221,1.955090490365827,0,1,away_win,0.071784640942837,0.18748578373262953,0.7407295753245335,away_win,0.8886483095406142,0.10867969237573295,0.0026719980836528326,2,2,draw,temporal,2014
2018-07-10,2018,France,Belgium,0.7767265154732961,2.10755968310227,0,2,away_win,0.12612426562325638,0.19246247925217827,0.6814132551245652,away_win,0.6010790335608748,0.07509992215783791,0.3238210442812874,1,0,home_win,temporal,2014
2018-07-11,2018,Croatia,England,0.7816905355667874,1.093280896698528,0,1,away_win,0.25902105582784984,0.31522971533055316,0.4257492288415967,draw,0.25600937414507885,0.39675022095832696,0.3472404048965943,2,1,home_win,temporal,2014
2018-07-14,2018,Belgium,England,1.964257077013115,0.5865675754426761,1,0,home_win,0.7014778761544702,0.19740417487409298,0.10111794897143686,home_win,0.005179236854076667,0.3619790613250009,0.6328417018209225,2,0,home_win,temporal,2014
2018-07-15,2018,France,Croatia,1.447710880856824,0.8387188605314021,1,0,home_win,0.5142893950202384,0.267949352023758,0.2177612529560035,home_win,0.0768534535665983,0.15846458458749924,0.7646819618459024,4,2,home_win,temporal,2014
2022-11-20,2022,Qatar,Ecuador,1.2248628726960167,1.1866443494362988,1,1,home_win,0.37135918101017357,0.27578119829449,0.3528596206953365,draw,0.12828683534135005,0.4799823807489075,0.3917307839097426,0,2,away_win,temporal,"2014,2018"
2022-11-21,2022,Senegal,Netherlands,1.1018943619964938,1.697451182666032,1,1,away_win,0.24670878055601694,0.24035701559134817,0.5129342038526347,away_win,0.8203434637443808,0.055394604859722474,0.12426193139589674,0,2,away_win,temporal,"2014,2018"
2022-11-21,2022,England,Iran,1.410221696754868,1.043744578344685,1,1,home_win,0.4538264488403723,0.2673821346193232,0.2787914165403043,home_win,0.22033057494984912,0.32338569576644755,0.4562837292837035,6,2,home_win,temporal,"2014,2018"
2022-11-21,2022,United States,Wales,1.4241600092646436,1.1056136654502442,1,1,home_win,0.4431528366476854,0.26407139624432,0.29277576710799463,away_win,0.482704152553825,0.27580634393080283,0.2414895035153721,1,1,draw,temporal,"2014,2018"
2022-11-22,2022,France,Australia,1.5547984287955938,1.0150582037191391,1,1,home_win,0.49837767634767166,0.25426437750594355,0.24735794614638476,home_win,0.19478259065662518,0.17417529678457144,0.6310421125588034,4,1,home_win,temporal,"2014,2018"
2022-11-22,2022,Denmark,Tunisia,1.4456545540110601,0.9980040452282758,1,0,home_win,0.47414807334721604,0.2652718454569727,0.2605800811958114,home_win,0.16679192980552288,0.28148749504319054,0.5517205751512865,0,0,draw,temporal,"2014,2018"
2022-11-22,2022,Argentina,Saudi Arabia,1.5922009693877937,0.656010898958067,1,0,home_win,0.6001332512572101,0.2482538211427243,0.15161292760006562,draw,0.05373741742007358,0.72292720173176,0.2233353808481665,1,2,away_win,temporal,"2014,2018"
2022-11-22,2022,Mexico,Poland,1.2404930635190587,1.2180358627063055,1,1,home_win,0.3690408569764822,0.2726988780019131,0.3582602650216045,home_win,0.3530545429223325,0.15797653376086407,0.4889689233168034,0,0,draw,temporal,"2014,2018"
2022-11-23,2022,Germany,Japan,1.3718211145848709,1.0454985265371568,1,1,home_win,0.443081914828993,0.2708938977646199,0.2860241874063871,home_win,0.09270850515265174,0.4398149243033005,0.4674765705440478,1,2,away_win,temporal,"2014,2018"
2022-11-23,2022,Spain,Costa Rica,1.5290600021772116,0.9937666321199502,1,0,home_win,0.4969507452945686,0.2570793265467453,0.2459699281586862,home_win,0.17694721696258042,0.1708967797042695,0.6521560033331502,7,0,home_win,temporal,"2014,2018"
2022-11-23,2022,Morocco,Croatia,1.285153152546602,1.2277813930528492,1,1,home_win,0.3790900091063603,0.2690979834782592,0.3518120074153804,home_win,0.31309181125044383,0.259904428058164,0.4270037606913922,0,0,draw,temporal,"2014,2018"
2022-11-23,2022,Belgium,Canada,1.5220921831945067,1.047761971375838,1,1,home_win,0.4821909517204179,0.25684394089048396,0.2609651073890981,home_win,0.06513447477529874,0.13115621950331377,0.8037093057213875,1,0,home_win,temporal,"2014,2018"
2022-11-24,2022,Switzerland,Cameroon,1.282463212973794,1.05022031488698,1,1,home_win,0.4174254473022125,0.27890900920017475,0.30366554349761254,home_win,0.14496368223374828,0.21425781923108558,0.6407784985351661,1,0,home_win,temporal,"2014,2018"
2022-11-24,2022,Brazil,Serbia,1.6091305857763099,1.0108267938764592,1,1,home_win,0.5130678547561903,0.2490439522178126,0.23788819302599698,home_win,0.28403734340841913,0.21918394773596675,0.49677870885561415,2,0,home_win,temporal,"2014,2018"
2022-11-24,2022,Uruguay,South Korea,1.3059899624623936,1.3416335747346335,1,1,away_win,0.3611703355843407,0.2610927964636879,0.3777368679519716,away_win,0.6183258261750763,0.08465877871799057,0.29701539510693326,0,0,draw,temporal,"2014,2018"
2022-11-24,2022,Portugal,Ghana,1.8728942190040492,0.8097777926651846,1,0,home_win,0.6250185031664827,0.21873517467638792,0.15624632215712944,home_win,0.058986226447406497,0.17167764807665462,0.7693361254759389,3,2,home_win,temporal,"2014,2018"
2022-11-25,2022,England,United States,1.535381731647246,0.9808139657382107,1,0,home_win,0.5017261578599518,0.25662184184337206,0.24165200029667624,draw,0.22577788700278786,0.459719234947361,0.3145028780498511,0,0,draw,temporal,"2014,2018"
2022-11-25,2022,Qatar,Senegal,1.0687107566225658,1.4621460556877819,1,1,away_win,0.27643321180016817,0.26186521245795186,0.46170157574187976,draw,0.21624081140763202,0.3921306488885332,0.3916285397038346,1,3,away_win,temporal,"2014,2018"
2022-11-25,2022,Netherlands,Ecuador,1.9454702022764925,0.8942723014930205,1,0,home_win,0.6196219160554519,0.2139250474406642,0.16645303650388402,home_win,0.18016101297026807,0.3566949487850011,0.4631440382447309,1,1,draw,temporal,"2014,2018"
2022-11-25,2022,Wales,Iran,1.0154871242175425,1.515536422084389,1,1,away_win,0.2537204502517277,0.2580593212375799,0.4882202285106923,away_win,0.6833623450292956,0.08430285949096723,0.23233479547973715,0,2,away_win,temporal,"2014,2018"
2022-11-26,2022,Argentina,Mexico,1.578198358765486,0.8573043882674414,1,0,home_win,0.543477534751921,0.2526546259758265,0.20386783927225252,draw,0.2635294099450885,0.5238728255116849,0.2125977645432267,2,0,home_win,temporal,"2014,2018"
2022-11-26,2022,Tunisia,Australia,1.1137345109340155,1.1191005362010353,1,1,away_win,0.3542832888712496,0.28874906971744657,0.35696764141130394,draw,0.25948802075965527,0.38927652153919273,0.35123545770115205,0,1,away_win,temporal,"2014,2018"
2022-11-26,2022,Poland,Saudi Arabia,1.2288429211566922,0.9492275799438943,1,0,home_win,0.4257789225516311,0.28927420838323786,0.28494686906513117,draw,0.11277936637461806,0.6493482388290103,0.23787239479637173,2,0,home_win,temporal,"2014,2018"
2022-11-26,2022,France,Denmark,1.3932360955137022,1.3112526241603477,1,1,home_win,0.390027527104661,0.2576863224706355,0.3522861504247034,away_win,0.464397353855834,0.14983374770475333,0.38576889843941264,2,1,home_win,temporal,"2014,2018"
2022-11-27,2022,Croatia,Canada,1.3748871236522626,1.046257511967343,1,1,home_win,0.4437344870517102,0.27058146447006465,0.285684048478225,home_win,0.07581192817767403,0.26910979566318294,0.655078276159143,4,1,home_win,temporal,"2014,2018"
2022-11-27,2022,Belgium,Morocco,1.3592362812105738,1.2870011304388422,1,1,home_win,0.3862776285144732,0.2610205172835311,0.35270185420199573,home_win,0.13542583458300647,0.10464704225944228,0.7599271231575513,0,2,away_win,temporal,"2014,2018"
2022-11-27,2022,Japan,Costa Rica,1.3421803144478341,0.942569322511388,1,0,home_win,0.4595002337990998,0.2775232261098322,0.262976540091068,home_win,0.21269101765993528,0.37230142848251513,0.41500755385754956,0,1,away_win,temporal,"2014,2018"
2022-11-27,2022,Spain,Germany,1.1910694576986431,1.4463339898223482,1,1,away_win,0.3111277939713077,0.25922058933894787,0.42965161668974433,home_win,0.36054848972001113,0.26066449638321687,0.37878701389677194,1,1,draw,temporal,"2014,2018"
2022-11-28,2022,Cameroon,Serbia,0.9256251506579493,1.4272021768978753,0,1,away_win,0.24426485555386118,0.2688497281949847,0.4868854162511541,away_win,0.5347821281092312,0.2918047310333595,0.17341314085740925,3,3,draw,temporal,"2014,2018"
2022-11-28,2022,Brazil,Switzerland,1.825730026120216,0.9083143221183332,1,0,home_win,0.5898126341394605,0.22650231244851482,0.18368505341202457,home_win,0.1117537954694373,0.23347628736333462,0.654769917167228,1,0,home_win,temporal,"2014,2018"
2022-11-28,2022,South Korea,Ghana,1.6823565669491658,0.9455891253658988,1,0,home_win,0.5470126922113961,0.24177209258713045,0.21121521520147318,home_win,0.061107560942426024,0.19212265330295997,0.746769785754614,2,3,away_win,temporal,"2014,2018"
2022-11-28,2022,Portugal,Uruguay,1.4935821665313813,1.1184156423504314,1,1,home_win,0.458314786944313,0.2577444116432751,0.28394080141241196,away_win,0.7539342713721436,0.12967011123307215,0.11639561739478431,2,0,home_win,temporal,"2014,2018"
2022-11-29,2022,Ecuador,Senegal,0.989227143788214,1.3969906399217162,0,1,away_win,0.26641070963155866,0.2703603764048557,0.4632289139635857,away_win,0.8846761028463298,0.08989743016265077,0.025426466991019313,1,2,away_win,temporal,"2014,2018"
2022-11-29,2022,Qatar,Netherlands,0.9661263684044454,2.0362066154402347,0,2,away_win,0.17131965474010424,0.20740188938935064,0.6212784558705452,away_win,0.5463712517940368,0.1493951197823623,0.3042336284236009,0,2,away_win,temporal,"2014,2018"
2022-11-29,2022,Wales,England,0.9138550085417811,1.8427329977502318,0,1,away_win,0.18284384762032874,0.22488287885436226,0.5922732735253091,away_win,0.6428629178054299,0.1541466135901282,0.20299046860444198,0,3,away_win,temporal,"2014,2018"
2022-11-29,2022,Iran,United States,1.2627585976673315,1.0898927555796853,1,1,home_win,0.4029396152683562,0.27858018461649425,0.3184802001151496,draw,0.3194271540814308,0.480084042685851,0.20048880323271817,0,1,away_win,temporal,"2014,2018"
2022-11-30,2022,Poland,Argentina,0.8923754029171782,1.6730479819642146,0,1,away_win,0.19960593975826502,0.2423501124611005,0.5580439477806348,away_win,0.7582652331501134,0.19163069305684344,0.050104073793043054,0,2,away_win,temporal,"2014,2018"
2022-11-30,2022,Saudi Arabia,Mexico,0.8954132965174162,1.1805484836932345,0,1,away_win,0.27801975447370775,0.2974729703463471,0.42450727517994513,away_win,0.667960036611522,0.2922570505917676,0.03978291279671048,1,2,away_win,temporal,"2014,2018"
2022-11-30,2022,Australia,Denmark,1.004971131540964,1.448766472510416,1,1,away_win,0.2619089143185692,0.2647933506145159,0.4732977350669149,away_win,0.5325437343215726,0.3159969893975551,0.15145927628087238,1,0,home_win,temporal,"2014,2018"
2022-11-30,2022,Tunisia,France,1.0080211875345355,1.551458755987626,1,1,away_win,0.2460923105428317,0.2546804944345743,0.499227195022594,away_win,0.7832087960845362,0.17367608597259995,0.04311511794286385,1,0,home_win,temporal,"2014,2018"
2022-12-01,2022,Canada,Morocco,0.9435728861375132,1.2978895831240633,0,1,away_win,0.2709298355751085,0.28220725531776014,0.4468629091071312,draw,0.18162652024271606,0.5013573428195593,0.31701613693772457,1,2,away_win,temporal,"2014,2018"
2022-12-01,2022,Croatia,Belgium,1.3633527114895783,1.5071556110270266,1,1,away_win,0.3435273583948439,0.24850617794168184,0.40796646366347433,away_win,0.6179770452269239,0.14134815305206722,0.24067480172100897,0,0,draw,temporal,"2014,2018"
2022-12-01,2022,Costa Rica,Germany,0.8888520389778459,1.6607378926833667,0,1,away_win,0.20040637457463742,0.24365172211770722,0.5559419033076551,away_win,0.6317373089002571,0.2538016113945845,0.11446107970515841,2,4,away_win,temporal,"2014,2018"
2022-12-01,2022,Japan,Spain,1.1689027015092401,1.263051084518014,1,1,away_win,0.34025693486451086,0.2740942967632829,0.38564876837220613,away_win,0.5526495764081661,0.2787194472190227,0.16863097637281113,2,1,home_win,temporal,"2014,2018"
2022-12-02,2022,Serbia,Switzerland,1.4599872406091876,1.1562805197901629,1,1,home_win,0.44098691618165203,0.25937653401925204,0.29963654979909604,home_win,0.14812058106810472,0.23553699135325476,0.6163424275786406,2,3,away_win,temporal,"2014,2018"
2022-12-02,2022,Cameroon,Brazil,0.7271233639810283,1.7847319450677874,0,1,away_win,0.14739389458760066,0.2259062804376128,0.6266998249747865,away_win,0.7530942848940972,0.2150202884387259,0.031885426667176954,1,0,home_win,temporal,"2014,2018"
2022-12-02,2022,Ghana,Uruguay,0.9693200034115566,1.6787602404326056,0,1,away_win,0.21746322718522718,0.24224485079822602,0.5402919220165467,away_win,0.9670177405953132,0.023730334293279035,0.009251925111407794,0,2,away_win,temporal,"2014,2018"
2022-12-02,2022,South Korea,Portugal,1.120811569853506,1.457016309930487,1,1,away_win,0.2909400640654928,0.26077349006438644,0.448286445870121,away_win,0.5245355128938932,0.3345832320688224,0.14088125503728438,2,1,home_win,temporal,"2014,2018"
2022-12-03,2022,Netherlands,United States,1.646845254405364,1.0220583049959218,1,1,home_win,0.5196714331693313,0.24535393228094984,0.2349746345497187,home_win,0.05855944168047377,0.3158195959088325,0.6256209624106938,3,1,home_win,temporal,"2014,2018"
2022-12-03,2022,Argentina,Australia,1.4755405914168482,0.8123544754746638,1,0,home_win,0.5285014593424292,0.2648142213363281,0.20668431932124257,home_win,0.01647590443886504,0.22041790845029588,0.7631061871108391,2,1,home_win,temporal,"2014,2018"
2022-12-04,2022,France,Poland,1.629581185494324,1.0307127128279632,1,1,home_win,0.5133386792009271,0.24695125132324536,0.23971006947582774,home_win,0.029180470776929278,0.07366338137120221,0.8971561478518686,3,1,home_win,temporal,"2014,2018"
2022-12-04,2022,England,Senegal,1.4628693578537095,0.9774523701616834,1,0,home_win,0.48367455466150827,0.2640122531752762,0.25231319216321535,home_win,0.051107546510943506,0.24912032008335336,0.6997721334057032,3,0,home_win,temporal,"2014,2018"
2022-12-05,2022,Japan,Croatia,1.169867385080292,1.1926128291884803,1,1,away_win,0.3548491739320341,0.27919373508885614,0.36595709097910967,home_win,0.15116326807323785,0.23258186129808991,0.6162548706286722,1,1,draw,temporal,"2014,2018"
2022-12-05,2022,Brazil,South Korea,1.6128247457622809,0.9481803485648694,1,0,home_win,0.5293198440615201,0.24894148110597794,0.2217386748325019,home_win,0.020705922038910755,0.07863265076729593,0.9006614271937933,4,1,home_win,temporal,"2014,2018"
2022-12-06,2022,Morocco,Spain,1.1869742250750985,1.2019520989430765,1,1,away_win,0.3576737316036521,0.27737274179524063,0.3649535266011072,home_win,0.08553185393296715,0.3131314191050111,0.6013367269620218,0,0,draw,temporal,"2014,2018"
2022-12-06,2022,Portugal,Switzerland,1.5246089562202754,0.9924816616361777,1,0,home_win,0.49611773391896113,0.2575403182380723,0.24634194784296654,home_win,0.03466165646187994,0.15469462235521117,0.8106437211829088,6,1,home_win,temporal,"2014,2018"
2022-12-09,2022,Netherlands,Argentina,1.2787516558724015,1.2825627296085476,1,1,away_win,0.36598109656200445,0.2662405147157792,0.36777838872221613,draw,0.26285602636707756,0.3737947233629419,0.3633492502699806,2,2,draw,temporal,"2014,2018"
2022-12-09,2022,Croatia,Brazil,1.0241023601558066,1.553279938845623,1,1,away_win,0.24989737444455132,0.25428823332051764,0.49581439223493085,away_win,0.3746083409868533,0.2710965692628481,0.3542950897502986,1,1,draw,temporal,"2014,2018"
2022-12-10,2022,Morocco,Portugal,1.0986973099989235,1.2167074539246232,1,1,away_win,0.32998289218925303,0.28194025319906374,0.3880768546116833,draw,0.08005973330334817,0.5333675190521763,0.38657274764447547,1,0,home_win,temporal,"2014,2018"
2022-12-10,2022,England,France,1.377018665009441,1.1988288628469994,1,1,home_win,0.4098064328216788,0.26409986259831036,0.326093704580011,home_win,0.18499687858049135,0.3326245120199853,0.4823786093995235,1,2,away_win,temporal,"2014,2018"
2022-12-13,2022,Argentina,Croatia,1.4267216436936143,1.0198556604708933,1,1,home_win,0.46388349028488296,0.2665422992557736,0.2695742104593436,home_win,0.08623743588516312,0.19430810088165174,0.7194544632331852,3,0,home_win,temporal,"2014,2018"
2022-12-14,2022,France,Morocco,1.3035310541998086,1.1565838339036785,1,1,home_win,0.399374571299899,0.2717079021466577,0.32891752655344353,home_win,0.03162516049162965,0.10510284845161727,0.863271991056753,2,0,home_win,temporal,"2014,2018"
2022-12-17,2022,Croatia,Morocco,1.1804385505268256,1.2355980740390573,1,1,away_win,0.34895798058813715,0.2754076827344007,0.3756343366774622,home_win,0.025901535592941227,0.12941940652052927,0.8446790578865294,2,1,home_win,temporal,"2014,2018"
2022-12-18,2022,Argentina,France,1.3354854003473933,1.1262030739609046,1,1,home_win,0.41477251442188995,0.2706743610856239,0.31455312449248635,draw,0.20571093159952267,0.4067958868591771,0.38749318154130025,3,3,draw,temporal,"2014,2018"
2014-06-12,2014,Brazil,Croatia,2.4283544112473066,0.6399468411491934,2,0,home_win,0.7689201259829138,0.15232738497327275,0.07875248904381313,draw,0.026946147837489897,0.6247318755785389,0.3483219765839712,3,1,home_win,leave_one_worldcup_out,"2018,2022"
2014-06-13,2014,Chile,Australia,1.9111663422511136,1.105185515804775,1,1,home_win,0.5614901396973226,0.22176620676331638,0.2167436535393609,home_win,0.03736942179393442,0.12006460933751198,0.8425659688685536,3,1,home_win,leave_one_worldcup_out,"2018,2022"
2014-06-13,2014,Mexico,Cameroon,1.7162165549088981,1.0708464371412156,1,1,home_win,0.52476738344359,0.23878442609475536,0.2364481904616547,home_win,0.17959660243820724,0.0896622989906419,0.7307410985711509,1,0,home_win,leave_one_worldcup_out,"2018,2022"
2014-06-13,2014,Spain,Netherlands,1.1470391190441125,1.0794635094050773,1,1,home_win,0.3724072219671303,0.2890237258486739,0.33856905218419586,away_win,0.4766957331492799,0.31936004598690315,0.20394422086381708,1,5,away_win,leave_one_worldcup_out,"2018,2022"
2014-06-14,2014,Uruguay,Costa Rica,1.8071946526180527,0.8978683672710841,1,0,home_win,0.5882008698444782,0.2281980984711401,0.18360103168438158,home_win,0.2591719986821888,0.11330660738952426,0.627521393928287,1,3,away_win,leave_one_worldcup_out,"2018,2022"
2014-06-14,2014,Ivory Coast,Japan,1.6213983194774697,1.3115473822664576,1,1,home_win,0.4470830369003945,0.24294443956090025,0.30997252353870514,home_win,0.07847687142466823,0.12688955585266173,0.79463357272267,2,1,home_win,leave_one_worldcup_out,"2018,2022"
2014-06-14,2014,England,Italy,1.6113530660355566,1.0605418546940881,1,1,home_win,0.5016904675594972,0.24839878204126892,0.24991075039923386,home_win,0.1300285360132408,0.30869325583433727,0.5612782081524219,1,2,away_win,leave_one_worldcup_out,"2018,2022"
2014-06-14,2014,Colombia,Greece,1.3380091713750581,1.0043824127573342,1,1,home_win,0.44351236373729497,0.2756849678574902,0.28080266840521495,away_win,0.40528798237671904,0.28183361344534713,0.31287840417793383,3,0,home_win,leave_one_worldcup_out,"2018,2022"
2014-06-15,2014,Argentina,Bosnia and Herzegovina,1.4741773229101782,1.0085372620081992,1,1,home_win,0.4791353325807632,0.26222062080401387,0.258644046615223,home_win,0.22550881230866054,0.34500829977698455,0.42948288791435496,2,1,home_win,leave_one_worldcup_out,"2018,2022"
2014-06-15,2014,France,Honduras,2.160790025426122,0.8879775339297663,2,0,home_win,0.6648155666726583,0.19263071061900638,0.14255372270833555,home_win,0.08878837362737327,0.07812555965609759,0.8330860667165292,3,0,home_win,leave_one_worldcup_out,"2018,2022"
2014-06-15,2014,Switzerland,Ecuador,1.5965878733754626,1.1154594957566337,1,1,home_win,0.48508992003878865,0.2489835686371911,0.2659265113240204,home_win,0.23497179335762747,0.15693937684610532,0.6080888297962672,2,1,home_win,leave_one_worldcup_out,"2018,2022"
2014-06-16,2014,Germany,Portugal,1.5311072980773364,1.196972436427928,1,1,home_win,0.45001821697672456,0.2525318381201853,0.2974499449030901,home_win,0.1552841830199695,0.19645879123920332,0.6482570257408272,4,0,home_win,leave_one_worldcup_out,"2018,2022"
2014-06-16,2014,Ghana,United States,1.1656886939464726,1.3609467420373549,1,1,away_win,0.3203484287081076,0.266824411429579,0.4128271598623134,away_win,0.3498680013985392,0.3466288034817896,0.3035031951196713,1,2,away_win,leave_one_worldcup_out,"2018,2022"
2014-06-16,2014,Iran,Nigeria,1.4467135798049349,1.1900042061474534,1,1,home_win,0.4299867576664489,0.2592309958088134,0.3107822465247377,home_win,0.20628049068225215,0.23518736939242094,0.5585321399253269,0,0,draw,leave_one_worldcup_out,"2018,2022"
2014-06-17,2014,Belgium,Algeria,1.362068376423068,1.174802094122207,1,1,home_win,0.41111468972844284,0.26632042906624714,0.32256488120531,home_win,0.33702718813785965,0.1253464658802558,0.5376263459818845,2,1,home_win,leave_one_worldcup_out,"2018,2022"
2014-06-17,2014,Brazil,Mexico,2.5154030140672035,0.6590199849435938,2,0,home_win,0.7775768289912981,0.14592051356259328,0.07650265744610842,draw,0.016462740910243343,0.6463224222489877,0.33721483684076886,0,0,draw,leave_one_worldcup_out,"2018,2022"
2014-06-17,2014,Russia,South Korea,1.910171116869186,0.820332173758441,1,0,home_win,0.6304338848003792,0.21507744522414776,0.154488669975473,home_win,0.15656936089093496,0.17950775957896623,0.6639228795300988,1,1,draw,leave_one_worldcup_out,"2018,2022"
2014-06-18,2014,Spain,Chile,1.5418313608190797,0.9924909185765403,1,0,home_win,0.5005347905489632,0.2558282220515884,0.24363698739944828,home_win,0.22081135082523967,0.28260989372228756,0.4965787554524727,0,2,away_win,leave_one_worldcup_out,"2018,2022"
2014-06-18,2014,Australia,Netherlands,0.8221982329867622,2.0786430266003006,0,2,away_win,0.137689343402445,0.19763895310645915,0.6646717034910957,away_win,0.6634207363864408,0.1845318950219524,0.15204736859160667,2,3,away_win,leave_one_worldcup_out,"2018,2022"
2014-06-18,2014,Cameroon,Croatia,1.0337884843334526,1.666546369054201,1,1,away_win,0.23489781134044965,0.2434441927111613,0.521657995948389,away_win,0.7766150438795486,0.06832549586391976,0.1550594602565317,0,4,away_win,leave_one_worldcup_out,"2018,2022"
2014-06-19,2014,Uruguay,England,1.2736254173588197,1.2303294679843086,1,1,home_win,0.3754482988049847,0.26972220597709357,0.35482949521792184,away_win,0.4563953968425145,0.23120778972323694,0.3123968134342485,2,1,home_win,leave_one_worldcup_out,"2018,2022"
2014-06-19,2014,Colombia,Ivory Coast,1.4375640926542599,1.1995450590037546,1,1,home_win,0.42549875787564645,0.2595640116731374,0.3149372304512162,home_win,0.18082892003330014,0.3190937379309359,0.5000773420357639,2,1,home_win,leave_one_worldcup_out,"2018,2022"
2014-06-19,2014,Japan,Greece,1.220719434446476,1.3576013205456174,1,1,away_win,0.3356080051116715,0.2644686021581214,0.399923392730207,home_win,0.331745179650242,0.2315149827017908,0.43673983764796726,0,0,draw,leave_one_worldcup_out,"2018,2022"
2014-06-20,2014,Honduras,Ecuador,1.202799445561217,1.7686728019853466,1,1,away_win,0.25967483015092957,0.23387768451349253,0.506447485335578,home_win,0.4134659236785325,0.1507987382402514,0.43573533808121606,1,2,away_win,leave_one_worldcup_out,"2018,2022"
2014-06-20,2014,Italy,Costa Rica,1.5048424305596444,1.1759313128286808,1,1,home_win,0.44808704374319835,0.2551861259930369,0.2967268302637645,away_win,0.508072051849535,0.03629301984616699,0.4556349283042982,0,1,away_win,leave_one_worldcup_out,"2018,2022"
2014-06-20,2014,Switzerland,France,1.1786953907686657,1.3627584194726343,1,1,away_win,0.323470045123326,0.2660885440624037,0.41044141081427027,away_win,0.5007454856193523,0.1752178550233222,0.32403665935732545,2,5,away_win,leave_one_worldcup_out,"2018,2022"
2014-06-21,2014,Argentina,Iran,1.5992451878038787,0.8935492672876879,1,0,home_win,0.5395745269734719,0.2503826151849047,0.21004285784162355,home_win,0.23424455738409228,0.24297255296602266,0.5227828896498852,1,0,home_win,leave_one_worldcup_out,"2018,2022"
2014-06-21,2014,Germany,Ghana,1.6604932502253373,1.0105255504877713,1,1,home_win,0.5257986395953546,0.2440765461956943,0.2301248142089512,home_win,0.1493991011830475,0.10900712777896308,0.7415937710379894,2,2,draw,leave_one_worldcup_out,"2018,2022"
2014-06-21,2014,Nigeria,Bosnia and Herzegovina,1.0969407494540095,1.6328865190785138,1,1,away_win,0.2555245297805455,0.24607031380456748,0.49840515641488703,away_win,0.6037634578707914,0.10150401793600851,0.29473252419320006,1,0,home_win,leave_one_worldcup_out,"2018,2022"
2014-06-22,2014,South Korea,Algeria,0.9779048073724413,1.7240455262291075,0,1,away_win,0.21317266357813566,0.23777816391019702,0.5490491725116672,away_win,0.7478646943108824,0.09868033401257298,0.15345497167654445,2,4,away_win,leave_one_worldcup_out,"2018,2022"
2014-06-22,2014,Belgium,Russia,1.1425943543942685,1.3016321170694312,1,1,away_win,0.3254790766155573,0.2725866485019898,0.40193427488245315,away_win,0.6016213104463001,0.11234810249415302,0.2860305870595469,1,0,home_win,leave_one_worldcup_out,"2018,2022"
2014-06-22,2014,United States,Portugal,1.254901511189637,1.3807639355938122,1,1,away_win,0.340101254046848,0.2612185889352157,0.3986801570179363,home_win,0.2373060129556407,0.35514287124787075,0.40755111579648867,2,2,draw,leave_one_worldcup_out,"2018,2022"
2014-06-23,2014,Netherlands,Chile,1.4976755130202541,1.024419081684765,1,1,home_win,0.4814553799364985,0.25961166907822797,0.2589329509852737,home_win,0.20006896331974777,0.35271865294393523,0.44721238373631705,2,0,home_win,leave_one_worldcup_out,"2018,2022"
2014-06-23,2014,Croatia,Mexico,1.3399102570189736,1.3320940575655047,1,1,home_win,0.371933652658834,0.2597511094461579,0.36831523789500803,home_win,0.34623753299909005,0.24613066069305134,0.40763180630785867,1,3,away_win,leave_one_worldcup_out,"2018,2022"
2014-06-23,2014,Australia,Spain,0.7965727055444948,2.1399274933040116,0,2,away_win,0.1270095066572331,0.19022551132203672,0.6827649820207302,away_win,0.6056388386250384,0.2724531465048946,0.12190801487006699,0,3,away_win,leave_one_worldcup_out,"2018,2022"
2014-06-23,2014,Brazil,Cameroon,3.1285944247699944,0.5114408156923941,3,0,home_win,0.8769320267079143,0.0888056270413303,0.034262346250755325,home_win,0.009848393411543355,0.4084026174233819,0.5817489891650748,4,1,home_win,leave_one_worldcup_out,"2018,2022"
2014-06-24,2014,Costa Rica,England,0.8915830327677511,1.7335395931788475,0,1,away_win,0.19145340606337335,0.2358486995378489,0.5726978943987778,away_win,0.7291352666204254,0.15113071454063937,0.11973401883893532,0,0,draw,leave_one_worldcup_out,"2018,2022"
2014-06-24,2014,Greece,Ivory Coast,1.1924249039494506,1.3255019726372481,1,1,away_win,0.3343129489394871,0.2681953006813372,0.39749175037917583,away_win,0.39425678600543307,0.24537026599462283,0.36037294799994407,2,1,home_win,leave_one_worldcup_out,"2018,2022"
2014-06-24,2014,Italy,Uruguay,1.068018287136779,1.6798166340575358,1,1,away_win,0.24121539563971747,0.24209131069732007,0.5166932936629626,away_win,0.7243708006022598,0.0870948277465798,0.18853437165116047,0,1,away_win,leave_one_worldcup_out,"2018,2022"
2014-06-24,2014,Japan,Colombia,1.1047195675663224,1.6366975430421904,1,1,away_win,0.2568347361475145,0.2456496220015177,0.4975156418509678,away_win,0.4267567356402192,0.20521593247053807,0.36802733188924275,1,4,away_win,leave_one_worldcup_out,"2018,2022"
2014-06-25,2014,Bosnia and Herzegovina,Iran,1.3978864612603696,1.141650383336861,1,1,home_win,0.42801134354452763,0.26492474461792265,0.3070639118375498,home_win,0.29320952292090924,0.13956656081396313,0.5672239162651277,3,1,home_win,leave_one_worldcup_out,"2018,2022"
2014-06-25,2014,Ecuador,France,1.0807079771334953,1.7884000248360115,1,1,away_win,0.2282621650149341,0.23232087634592058,0.5394169586391453,away_win,0.5930051309398343,0.1538277985108791,0.2531670705492866,0,0,draw,leave_one_worldcup_out,"2018,2022"
2014-06-25,2014,Honduras,Switzerland,0.9165315637511608,1.9290377452451355,0,1,away_win,0.17312419738738513,0.21624833491175358,0.6106274677008613,away_win,0.6118842914568763,0.20136979825436324,0.18674591028876056,0,3,away_win,leave_one_worldcup_out,"2018,2022"
2014-06-25,2014,Nigeria,Argentina,0.8585558391946193,1.8680958577362912,0,1,away_win,0.167505487880698,0.22080829373886665,0.6116862183804354,away_win,0.8290430738880055,0.09326296773060813,0.07769395838138643,2,3,away_win,leave_one_worldcup_out,"2018,2022"
2014-06-26,2014,United States,Germany,1.1105788149183955,1.563078014070594,1,1,away_win,0.27020144211148195,0.25196163109807435,0.4778369267904438,draw,0.1837333704905366,0.5022629583124081,0.3140036711970554,0,1,away_win,leave_one_worldcup_out,"2018,2022"
2014-06-26,2014,Portugal,Ghana,1.4668168668288548,1.141846056640315,1,1,home_win,0.44603060977743025,0.2592917587872135,0.2946776314353562,home_win,0.3795868098092573,0.11671828971589358,0.5036949004748491,2,1,home_win,leave_one_worldcup_out,"2018,2022"
2014-06-26,2014,Algeria,Russia,1.0651183038537733,1.4067866168348673,1,1,away_win,0.28510392119762257,0.26699033480709067,0.4479057439952867,away_win,0.638204098503185,0.14125969715887748,0.22053620433793758,1,1,draw,leave_one_worldcup_out,"2018,2022"
2014-06-26,2014,South Korea,Belgium,0.904808369286597,1.849451537787593,0,1,away_win,0.17999442310477706,0.22398507163843706,0.5960205052567861,away_win,0.7082060911835641,0.17068730128785256,0.12110660752858322,0,1,away_win,leave_one_worldcup_out,"2018,2022"
2014-06-28,2014,Brazil,Chile,2.7092074463180253,0.8192754451315047,2,0,home_win,0.770955484507763,0.14118574508804974,0.0878587704041874,draw,0.003334514079030901,0.611105148008099,0.38556033791287003,1,1,draw,leave_one_worldcup_out,"2018,2022"
2014-06-28,2014,Colombia,Uruguay,1.3704853333587097,1.5204551327191484,1,1,away_win,0.3427878680705707,0.24743861389036922,0.4097735180390603,home_win,0.1577111580294198,0.32018793642655385,0.5221009055440264,2,0,home_win,leave_one_worldcup_out,"2018,2022"
2014-06-29,2014,Costa Rica,Greece,1.1761358791067635,1.6017345832520642,1,1,away_win,0.2801386733485733,0.24747705560167216,0.47238427104975433,home_win,0.3074291575891322,0.2562426579220511,0.4363281844888168,1,1,draw,leave_one_worldcup_out,"2018,2022"
2014-06-29,2014,Netherlands,Mexico,1.8657058567745721,1.105621397105218,1,1,home_win,0.551229302263429,0.22569863220392444,0.2230720655326467,home_win,0.054501485628949665,0.16636286256709687,0.7791356518039536,2,1,home_win,leave_one_worldcup_out,"2018,2022"
2014-06-30,2014,France,Nigeria,2.0819470854261217,1.1827595666126918,2,1,home_win,0.5802830278414715,0.20882420088375842,0.21089277127477016,home_win,0.02308745978438577,0.0928415328695475,0.8840710073460668,2,0,home_win,leave_one_worldcup_out,"2018,2022"
2014-06-30,2014,Germany,Algeria,2.05029317539792,1.1258854749182048,2,1,home_win,0.586679789992683,0.21030460075782587,0.203015609249491,home_win,0.021915275579297195,0.047077688452411774,0.931007035968291,2,1,home_win,leave_one_worldcup_out,"2018,2022"
2014-07-01,2014,Argentina,Switzerland,1.6406217824929783,1.147978597772041,1,1,home_win,0.48841201794858735,0.2447733050422619,0.26681467700915057,home_win,0.07034418790992342,0.3858223684112853,0.5438334436787913,1,0,home_win,leave_one_worldcup_out,"2018,2022"
2014-07-01,2014,Belgium,United States,1.3932329198205415,1.5548196109999892,1,1,away_win,0.34194509324546196,0.24457337819102817,0.41348152856351006,home_win,0.1014150201526189,0.17227858599365942,0.7263063938537216,2,1,home_win,leave_one_worldcup_out,"2018,2022"
2014-07-04,2014,Brazil,Colombia,2.4223068348839103,0.8057531608390995,2,0,home_win,0.7304183528188671,0.16415565344104227,0.1054259937400906,draw,0.010638007030985476,0.6090227610347415,0.38033923193427294,2,1,home_win,leave_one_worldcup_out,"2018,2022"
2014-07-04,2014,France,Germany,1.3607392727928642,1.7640220328511416,1,1,away_win,0.2972650610890325,0.23244357728208384,0.47029136162888374,home_win,0.06588397894752482,0.41194758852149016,0.522168432530985,0,1,away_win,leave_one_worldcup_out,"2018,2022"
2014-07-05,2014,Netherlands,Costa Rica,2.135482792759627,0.8856214914389935,2,0,home_win,0.6604845170395579,0.1949320172431402,0.1445834657173018,home_win,0.05562877273861659,0.07711905363697441,0.867252173624409,0,0,draw,leave_one_worldcup_out,"2018,2022"
2014-07-05,2014,Argentina,Belgium,1.709365815164784,1.1413508199972107,1,1,home_win,0.5065691198641986,0.23909604366969875,0.25433483646610283,home_win,0.049772948893387424,0.3578398521404774,0.5923871989661351,1,0,home_win,leave_one_worldcup_out,"2018,2022"
2014-07-08,2014,Brazil,Germany,2.1357319427620034,1.0226676548488547,2,1,home_win,0.6281560051081446,0.20019514044258627,0.17164885444926906,draw,0.0027392703869228816,0.8202808741888548,0.1769798554242224,1,7,away_win,leave_one_worldcup_out,"2018,2022"
2014-07-09,2014,Netherlands,Argentina,1.2923584577566818,1.3346620937060243,1,1,away_win,0.35900406209539326,0.26226281808426977,0.37873311982033697,draw,0.20223618459500298,0.4004195553766458,0.3973442600283512,0,0,draw,leave_one_worldcup_out,"2018,2022"
2014-07-12,2014,Brazil,Netherlands,2.0155037713602604,0.8910690572760726,2,0,home_win,0.6351173920823104,0.206822117566784,0.15806049035090558,draw,0.008408484638505147,0.8066301897079242,0.18496132565357076,0,3,away_win,leave_one_worldcup_out,"2018,2022"
2014-07-13,2014,Germany,Argentina,1.4832219595395864,1.4142769201556913,1,1,home_win,0.3915298986503713,0.24772593835130408,0.3607441629983245,home_win,0.10960974967604861,0.1741027358503811,0.7162875144735703,1,0,home_win,leave_one_worldcup_out,"2018,2022"
2018-06-14,2018,Russia,Saudi Arabia,0.7921940867715372,1.4799447285908285,0,1,away_win,0.20072780566059784,0.26435777081873807,0.5349144235206641,away_win,0.9145003275134054,0.06271226889187702,0.022787403594717502,5,0,home_win,leave_one_worldcup_out,"2014,2022"
2018-06-15,2018,Portugal,Spain,1.136900803783209,1.6265240642592438,1,1,away_win,0.26637534764739207,0.2461089470702394,0.4875157052823686,home_win,0.23709690832009953,0.22616033250547823,0.5367427591744222,3,3,draw,leave_one_worldcup_out,"2014,2022"
2018-06-15,2018,Egypt,Uruguay,0.8523795158465484,1.4824702904253417,0,1,away_win,0.21625805599117126,0.2637117786000882,0.5200301654087407,away_win,0.7688873601627395,0.19200077036640986,0.03911186947085055,0,1,away_win,leave_one_worldcup_out,"2014,2022"
2018-06-15,2018,Morocco,Iran,1.356704129488873,1.1424567664412655,1,1,home_win,0.416854458095243,0.26821111275633863,0.3149344291484183,home_win,0.24078822361291632,0.3115313165933616,0.44768045979372206,0,1,away_win,leave_one_worldcup_out,"2014,2022"
2018-06-16,2018,France,Australia,2.0066490173144405,0.8118642315654515,2,0,home_win,0.6527617096022272,0.20455215697906326,0.14268613341870953,home_win,0.05897124810008375,0.0771743486027701,0.8638544032971461,2,1,home_win,leave_one_worldcup_out,"2014,2022"
2018-06-16,2018,Argentina,Iceland,1.3925395269470295,1.1192789275089292,1,1,home_win,0.43164930282547803,0.2662486781316329,0.3021020190428893,home_win,0.3615926538102151,0.15662715343868786,0.48178019275109707,1,1,draw,leave_one_worldcup_out,"2014,2022"
2018-06-16,2018,Peru,Denmark,1.127886856562003,1.3779169810586538,1,1,away_win,0.30708201283429687,0.2671160898883928,0.4258018972773106,draw,0.2697558936019678,0.40572914331290605,0.3245149630851263,0,1,away_win,leave_one_worldcup_out,"2014,2022"
2018-06-16,2018,Croatia,Nigeria,1.439550747492622,0.9366154249473067,1,0,home_win,0.487480136131528,0.26729014940374607,0.24522971446472613,home_win,0.3030126316361364,0.2459708689094634,0.4510164994544002,2,0,home_win,leave_one_worldcup_out,"2014,2022"
2018-06-17,2018,Costa Rica,Serbia,1.0541685528327074,1.2394294091840414,1,1,away_win,0.31296127635519916,0.2825944050082335,0.4044443186365672,away_win,0.6794786167068665,0.1418429583837714,0.1786784249093622,0,1,away_win,leave_one_worldcup_out,"2014,2022"
2018-06-17,2018,Germany,Mexico,2.126439188182164,0.6880438650776913,2,0,home_win,0.7067521896894808,0.18548993092102312,0.10775787938949596,home_win,0.25966957060398416,0.11565038156490405,0.6246800478311118,0,1,away_win,leave_one_worldcup_out,"2014,2022"
2018-06-17,2018,Brazil,Switzerland,1.5945101120516278,1.1559480754623237,1,1,home_win,0.4752106859194159,0.24845093745224886,0.2763383766283352,home_win,0.11315179728962546,0.1727561633520255,0.7140920393583491,1,1,draw,leave_one_worldcup_out,"2014,2022"
2018-06-18,2018,Sweden,South Korea,1.7176145354866155,0.7472244510102006,1,0,home_win,0.6059928771098191,0.23459003340412476,0.1594170894860561,home_win,0.21323875382875637,0.16894433957882787,0.6178169065924157,1,0,home_win,leave_one_worldcup_out,"2014,2022"
2018-06-18,2018,Belgium,Panama,3.689503794975844,0.46156345964755907,3,0,home_win,0.9238078184199574,0.05715888362349371,0.01903329795654898,home_win,0.018240901623454004,0.06044668533529278,0.9213124130412533,3,0,home_win,leave_one_worldcup_out,"2014,2022"
2018-06-18,2018,Tunisia,England,0.9530877759751617,1.432769187151417,0,1,away_win,0.2507316811594264,0.26764924094550613,0.4816190778950675,away_win,0.6805269133723597,0.11710426499777767,0.20236882162986258,1,2,away_win,leave_one_worldcup_out,"2014,2022"
2018-06-19,2018,Colombia,Japan,1.603557881783883,0.8430204269144878,1,0,home_win,0.5534995837656221,0.24968685505976268,0.19681356117461513,home_win,0.24667690003023524,0.10544184263119949,0.6478812573385654,1,2,away_win,leave_one_worldcup_out,"2014,2022"
2018-06-19,2018,Poland,Senegal,1.408871125993734,1.0760111672117765,1,1,home_win,0.44592949725151604,0.266429882732792,0.2876406200156917,home_win,0.3729606718481753,0.140160863259164,0.48687846489266084,1,2,away_win,leave_one_worldcup_out,"2014,2022"
2018-06-19,2018,Russia,Egypt,0.6632504142281899,1.823126638625516,0,1,away_win,0.1293060508663356,0.21868236650557762,0.6520115826280868,away_win,0.98103165526431,0.016355056907045716,0.002613287828644296,3,1,home_win,leave_one_worldcup_out,"2014,2022"
2018-06-20,2018,Iran,Spain,0.7454114962247427,2.4449411504909184,0,2,away_win,0.09407613922937423,0.15826601849770364,0.747657842272922,away_win,0.4869038553653945,0.3963713214303536,0.11672482320425195,0,1,away_win,leave_one_worldcup_out,"2014,2022"
2018-06-20,2018,Uruguay,Saudi Arabia,1.7706799312836732,0.691929208048294,1,0,home_win,0.6327746272024399,0.22631622445075247,0.1409091483468078,home_win,0.06862272324557311,0.13327661486049902,0.7981006618939279,1,0,home_win,leave_one_worldcup_out,"2014,2022"
2018-06-20,2018,Portugal,Morocco,1.7424738183311193,0.9025623844772118,1,0,home_win,0.5720485128987366,0.23506802976607222,0.19288345733519122,home_win,0.08520195509999365,0.0918580878206238,0.8229399570793825,1,0,home_win,leave_one_worldcup_out,"2014,2022"
2018-06-21,2018,Denmark,Australia,1.7303114872072625,0.7975732902180258,1,0,home_win,0.5958733982218919,0.23438163602015613,0.16974496575795206,home_win,0.062103839677450985,0.12221930405205382,0.8156768562704952,1,1,draw,leave_one_worldcup_out,"2014,2022"
2018-06-21,2018,France,Peru,1.5979757265814345,1.1480963659717949,1,1,home_win,0.4778758973248934,0.24831055378491576,0.27381354889019094,home_win,0.20814725039380008,0.17534496312067238,0.6165077864855275,1,0,home_win,leave_one_worldcup_out,"2014,2022"
2018-06-21,2018,Argentina,Croatia,1.3673676543929123,1.0772920786956917,1,1,home_win,0.4345019201225873,0.27007375896811303,0.29542432090929965,home_win,0.4071183138233703,0.14946364191356143,0.44341804426306836,0,3,away_win,leave_one_worldcup_out,"2014,2022"
2018-06-22,2018,Brazil,Costa Rica,2.205701419105418,0.6595713451876346,2,0,home_win,0.7279831801355098,0.17541418968783032,0.09660263017665968,home_win,0.09556857450038679,0.21084625116176875,0.6935851743378444,2,0,home_win,leave_one_worldcup_out,"2014,2022"
2018-06-22,2018,Nigeria,Iceland,0.9538575792671419,1.495656422814337,0,1,away_win,0.2408851934084248,0.26106411425157255,0.4980506923400026,away_win,0.7528898886187959,0.15961237970601083,0.08749773167519334,2,0,home_win,leave_one_worldcup_out,"2014,2022"
2018-06-22,2018,Serbia,Switzerland,0.895988327794459,1.8475091720566095,0,1,away_win,0.17825361244324262,0.2239712723604494,0.597775115196308,away_win,0.6902987234594719,0.18182373064448912,0.12787754589603897,1,2,away_win,leave_one_worldcup_out,"2014,2022"
2018-06-23,2018,Belgium,Tunisia,2.8467495838468753,0.6080117864682385,2,0,home_win,0.8310260140725221,0.11533616353571934,0.053637822391758586,home_win,0.027759205591542536,0.06996740412558856,0.9022733902828689,5,2,home_win,leave_one_worldcup_out,"2014,2022"
2018-06-23,2018,South Korea,Mexico,0.7803056208056747,1.6161180798996189,0,1,away_win,0.17957898854671175,0.24755481380800903,0.5728661976452792,away_win,0.8453503319451455,0.12627213889401182,0.02837752916084254,1,2,away_win,leave_one_worldcup_out,"2014,2022"
2018-06-23,2018,Germany,Sweden,2.0362884908549144,0.7312548250083549,2,0,home_win,0.6787835339904759,0.19755592294001958,0.12366054306950452,home_win,0.2953853567371319,0.13465235510676335,0.5699622881561047,2,1,home_win,leave_one_worldcup_out,"2014,2022"
2018-06-24,2018,Poland,Colombia,1.4535215341891474,1.0948383110309388,1,1,home_win,0.453357293967195,0.26187700034067,0.284765705692135,away_win,0.5549145746625861,0.19883426917126584,0.2462511561661481,0,3,away_win,leave_one_worldcup_out,"2014,2022"
2018-06-24,2018,England,Panama,1.8569274176115762,0.7235229661947902,1,0,home_win,0.6436199267251913,0.21726229684445614,0.13911777643035256,home_win,0.21426780983680307,0.20340164883833142,0.5823305413248655,6,1,home_win,leave_one_worldcup_out,"2014,2022"
2018-06-24,2018,Japan,Senegal,0.8171238679069861,1.5759826548681681,0,1,away_win,0.19401629667300443,0.25273712229674083,0.5532465810302548,away_win,0.8265065701589469,0.14117056536398573,0.03232286447706719,2,2,draw,leave_one_worldcup_out,"2014,2022"
2018-06-25,2018,Russia,Uruguay,0.5371202127538032,2.5678153882000334,0,2,away_win,0.05689154004091782,0.13171772725797687,0.8113907327011054,away_win,0.9754658186445878,0.02332515278337619,0.0012090285720359434,0,3,away_win,leave_one_worldcup_out,"2014,2022"
2018-06-25,2018,Saudi Arabia,Egypt,0.8544127049356978,1.2571673828412262,0,1,away_win,0.25244319528435977,0.29044397936433747,0.45711282535130304,away_win,0.8068082208889977,0.13809332114811215,0.05509845796289016,2,1,home_win,leave_one_worldcup_out,"2014,2022"
2018-06-25,2018,Spain,Morocco,2.2714480365805,0.8223862774710835,2,0,home_win,0.7008162147801547,0.17888899042980744,0.12029479479003787,home_win,0.03353243177185542,0.06111086122247386,0.9053567070056707,2,2,draw,leave_one_worldcup_out,"2014,2022"
2018-06-25,2018,Iran,Portugal,0.8180831756072026,1.8755639017409713,0,1,away_win,0.15777008029375236,0.21872786992212717,0.6235020497841207,away_win,0.48790095947729223,0.4313069182506444,0.08079212227206338,1,1,draw,leave_one_worldcup_out,"2014,2022"
2018-06-26,2018,Iceland,Croatia,1.2186962671491683,1.194573425097312,1,1,home_win,0.36798661541716815,0.27570014090163697,0.35631324368119505,away_win,0.6577395082616659,0.10811688671335384,0.2341436050249802,1,2,away_win,leave_one_worldcup_out,"2014,2022"
2018-06-26,2018,Australia,Peru,0.9225505316944898,1.638273236226144,0,1,away_win,0.21175483363215047,0.24625785328369149,0.5419873130841582,away_win,0.4660378098494783,0.3285999542818785,0.20536223586864324,0,2,away_win,leave_one_worldcup_out,"2014,2022"
2018-06-26,2018,Denmark,France,1.212596462259296,1.3814991311068447,1,1,away_win,0.32886893663245736,0.2631455134927035,0.40798554987483926,away_win,0.4147665168453445,0.24888551030862244,0.33634797284603307,0,0,draw,leave_one_worldcup_out,"2014,2022"
2018-06-26,2018,Nigeria,Argentina,0.8602093372909507,1.6781147770521663,0,1,away_win,0.1911547535466818,0.24143747996394052,0.5674077664893777,away_win,0.7480818694941532,0.22313773233798007,0.02878039816786658,1,2,away_win,leave_one_worldcup_out,"2014,2022"
2018-06-27,2018,Serbia,Brazil,0.7696434971154551,2.189085916266701,0,2,away_win,0.11768890114715819,0.18387449008208023,0.6984366087707615,away_win,0.7232929995956341,0.21715210355924972,0.05955489684511619,0,2,away_win,leave_one_worldcup_out,"2014,2022"
2018-06-27,2018,Switzerland,Costa Rica,1.861532054239879,0.7678467093540047,1,0,home_win,0.6332114681183183,0.21848819970254715,0.14830033217913438,home_win,0.23812158556390936,0.2725216610981235,0.4893567533379671,2,2,draw,leave_one_worldcup_out,"2014,2022"
2018-06-27,2018,South Korea,Germany,0.47117646906527333,3.0159822921473114,0,3,away_win,0.033679924996159044,0.0925284682578851,0.8737916067459559,away_win,0.9171721634336959,0.08047978243224985,0.0023480541340543345,2,0,home_win,leave_one_worldcup_out,"2014,2022"
2018-06-27,2018,Mexico,Sweden,1.091147867323552,1.2110160155647383,1,1,away_win,0.3289837309041545,0.2828807463033444,0.38813552279250096,away_win,0.6931472852558094,0.1972064198793282,0.1096462948648624,0,3,away_win,leave_one_worldcup_out,"2014,2022"
2018-06-28,2018,England,Belgium,0.7655978976411084,2.3844853916413546,0,2,away_win,0.10161679818679722,0.1650380807765248,0.733345121036678,away_win,0.6041033300261359,0.27258219294041497,0.12331447703344905,0,1,away_win,leave_one_worldcup_out,"2014,2022"
2018-06-28,2018,Panama,Tunisia,0.8637875116110039,1.4747085382581966,0,1,away_win,0.22041896718948775,0.26450818009287574,0.5150728527176365,away_win,0.8125612766745184,0.12120922002754546,0.06622950329793617,1,2,away_win,leave_one_worldcup_out,"2014,2022"
2018-06-28,2018,Senegal,Colombia,1.18095736088353,1.1647084415549984,1,1,home_win,0.3637850247278207,0.2803896427496513,0.35582533252252796,away_win,0.7878657015063862,0.16868823473239739,0.04344606376121644,0,1,away_win,leave_one_worldcup_out,"2014,2022"
2018-06-28,2018,Japan,Poland,0.7681051184345761,1.939718403250111,0,1,away_win,0.14032133206989827,0.20980884073869516,0.6498698271914066,away_win,0.6977087196440604,0.24027439554865895,0.062016884807280674,0,1,away_win,leave_one_worldcup_out,"2014,2022"
2018-06-30,2018,France,Argentina,1.5096243912249743,1.1297350967535291,1,1,home_win,0.45982923734555015,0.2560859638792604,0.2840847987751894,draw,0.1716898089836519,0.41526214164592273,0.4130480493704254,4,3,home_win,leave_one_worldcup_out,"2014,2022"
2018-06-30,2018,Uruguay,Portugal,0.8414712037051704,1.7191691457108662,0,1,away_win,0.18144056728663596,0.23657206013350218,0.5819873725798619,draw,0.30723976057136515,0.4046070245335091,0.2881532148951258,2,1,home_win,leave_one_worldcup_out,"2014,2022"
2018-07-01,2018,Russia,Spain,0.3430278765620329,4.79334827809117,0,4,away_win,0.005123333972474656,0.021517483892095478,0.9733591821354298,away_win,0.9562709979827252,0.040947169625242176,0.002781832392032573,1,1,draw,leave_one_worldcup_out,"2014,2022"
2018-07-01,2018,Croatia,Denmark,0.9520705512360034,1.417355952190626,0,1,away_win,0.2529793204346265,0.2692898560958472,0.4777308234695262,draw,0.31979059398108894,0.4782448661946528,0.20196453982425835,1,1,draw,leave_one_worldcup_out,"2014,2022"
2018-07-02,2018,Brazil,Mexico,1.9033980302391325,0.7918376306093419,1,0,home_win,0.636164061685252,0.21474996686158807,0.14908597145315997,home_win,0.03267628160669002,0.1763839133615968,0.7909398050317131,2,0,home_win,leave_one_worldcup_out,"2014,2022"
2018-07-02,2018,Belgium,Japan,3.323687858280184,0.49723627222633937,3,0,home_win,0.8950769173988083,0.07667613143429111,0.028246951166900375,home_win,0.0017753589074882238,0.025338958410876862,0.9728856826816349,3,2,home_win,leave_one_worldcup_out,"2014,2022"
2018-07-03,2018,Colombia,England,1.1109973676804576,1.2535162892419094,1,1,away_win,0.326155050277797,0.27817722951691237,0.39566772020529095,away_win,0.42323152406040176,0.17324595587311975,0.40352252006647843,1,1,draw,leave_one_worldcup_out,"2014,2022"
2018-07-03,2018,Sweden,Switzerland,0.9797189369354617,1.5382954345769109,0,1,away_win,0.24091767436558134,0.2563418422069202,0.5027404834274986,away_win,0.35874926061552803,0.3231091355559236,0.3181416038285483,1,0,home_win,leave_one_worldcup_out,"2014,2022"
2018-07-06,2018,Brazil,Belgium,1.1503536956170122,1.7490847632447273,1,1,away_win,0.25037055022342214,0.23572577247345775,0.5139036773031201,home_win,0.06496553412164606,0.32161444967537123,0.6134200162029828,1,2,away_win,leave_one_worldcup_out,"2014,2022"
2018-07-06,2018,Uruguay,France,1.001277005990212,1.6283325261769328,1,1,away_win,0.23262509857486957,0.24722828862139706,0.5201466128037331,home_win,0.3096061304687719,0.3242007339861593,0.3661931355450689,0,2,away_win,leave_one_worldcup_out,"2014,2022"
2018-07-07,2018,Sweden,England,1.1274558417581342,1.1920988577480984,1,1,away_win,0.34305298974997755,0.28208179692210994,0.3748652133279125,home_win,0.29348993158279646,0.25014951671250496,0.45636055170469864,0,2,away_win,leave_one_worldcup_out,"2014,2022"
2018-07-07,2018,Russia,Croatia,0.5328211215022671,2.4424094391015583,0,2,away_win,0.06218435524377944,0.14259069105916078,0.7952249536970597,away_win,0.9539563774280676,0.041571087953435885,0.004472534618496512,2,2,draw,leave_one_worldcup_out,"2014,2022"
2018-07-10,2018,France,Belgium,0.9446858881896371,2.186773051739103,0,2,away_win,0.15089776618807663,0.19268802004775545,0.656414213764168,home_win,0.26196282156331036,0.35339499158131815,0.38464218685537155,1,0,home_win,leave_one_worldcup_out,"2014,2022"
2018-07-11,2018,Croatia,England,1.0384841398571107,1.3090804550383686,1,1,away_win,0.2954568702616247,0.27701353372890014,0.42752959600947493,home_win,0.28969125871078816,0.33276449801950764,0.3775442432697042,2,1,home_win,leave_one_worldcup_out,"2014,2022"
2018-07-14,2018,Belgium,England,2.343266279641713,0.7523634842116191,2,0,home_win,0.7295524752098308,0.16799836327960588,0.1024491615105631,home_win,0.016274511838546665,0.07180218507985835,0.911923303081595,2,0,home_win,leave_one_worldcup_out,"2014,2022"
2018-07-15,2018,France,Croatia,1.6437132560672947,0.9691297789874813,1,0,home_win,0.5317914190268298,0.24577036977670683,0.22243821119646331,home_win,0.11908047027474111,0.17349902959817726,0.7074205001270817,4,2,home_win,leave_one_worldcup_out,"2014,2022"
2022-11-20,2022,Qatar,Ecuador,1.2248628726960167,1.1866443494362988,1,1,home_win,0.37135918101017357,0.27578119829449,0.3528596206953365,draw,0.12828683534135005,0.4799823807489075,0.3917307839097426,0,2,away_win,leave_one_worldcup_out,"2014,2018"
2022-11-21,2022,Senegal,Netherlands,1.1018943619964938,1.697451182666032,1,1,away_win,0.24670878055601694,0.24035701559134817,0.5129342038526347,away_win,0.8203434637443808,0.055394604859722474,0.12426193139589674,0,2,away_win,leave_one_worldcup_out,"2014,2018"
2022-11-21,2022,England,Iran,1.410221696754868,1.043744578344685,1,1,home_win,0.4538264488403723,0.2673821346193232,0.2787914165403043,home_win,0.22033057494984912,0.32338569576644755,0.4562837292837035,6,2,home_win,leave_one_worldcup_out,"2014,2018"
2022-11-21,2022,United States,Wales,1.4241600092646436,1.1056136654502442,1,1,home_win,0.4431528366476854,0.26407139624432,0.29277576710799463,away_win,0.482704152553825,0.27580634393080283,0.2414895035153721,1,1,draw,leave_one_worldcup_out,"2014,2018"
2022-11-22,2022,France,Australia,1.5547984287955938,1.0150582037191391,1,1,home_win,0.49837767634767166,0.25426437750594355,0.24735794614638476,home_win,0.19478259065662518,0.17417529678457144,0.6310421125588034,4,1,home_win,leave_one_worldcup_out,"2014,2018"
2022-11-22,2022,Denmark,Tunisia,1.4456545540110601,0.9980040452282758,1,0,home_win,0.47414807334721604,0.2652718454569727,0.2605800811958114,home_win,0.16679192980552288,0.28148749504319054,0.5517205751512865,0,0,draw,leave_one_worldcup_out,"2014,2018"
2022-11-22,2022,Argentina,Saudi Arabia,1.5922009693877937,0.656010898958067,1,0,home_win,0.6001332512572101,0.2482538211427243,0.15161292760006562,draw,0.05373741742007358,0.72292720173176,0.2233353808481665,1,2,away_win,leave_one_worldcup_out,"2014,2018"
2022-11-22,2022,Mexico,Poland,1.2404930635190587,1.2180358627063055,1,1,home_win,0.3690408569764822,0.2726988780019131,0.3582602650216045,home_win,0.3530545429223325,0.15797653376086407,0.4889689233168034,0,0,draw,leave_one_worldcup_out,"2014,2018"
2022-11-23,2022,Germany,Japan,1.3718211145848709,1.0454985265371568,1,1,home_win,0.443081914828993,0.2708938977646199,0.2860241874063871,home_win,0.09270850515265174,0.4398149243033005,0.4674765705440478,1,2,away_win,leave_one_worldcup_out,"2014,2018"
2022-11-23,2022,Spain,Costa Rica,1.5290600021772116,0.9937666321199502,1,0,home_win,0.4969507452945686,0.2570793265467453,0.2459699281586862,home_win,0.17694721696258042,0.1708967797042695,0.6521560033331502,7,0,home_win,leave_one_worldcup_out,"2014,2018"
2022-11-23,2022,Morocco,Croatia,1.285153152546602,1.2277813930528492,1,1,home_win,0.3790900091063603,0.2690979834782592,0.3518120074153804,home_win,0.31309181125044383,0.259904428058164,0.4270037606913922,0,0,draw,leave_one_worldcup_out,"2014,2018"
2022-11-23,2022,Belgium,Canada,1.5220921831945067,1.047761971375838,1,1,home_win,0.4821909517204179,0.25684394089048396,0.2609651073890981,home_win,0.06513447477529874,0.13115621950331377,0.8037093057213875,1,0,home_win,leave_one_worldcup_out,"2014,2018"
2022-11-24,2022,Switzerland,Cameroon,1.282463212973794,1.05022031488698,1,1,home_win,0.4174254473022125,0.27890900920017475,0.30366554349761254,home_win,0.14496368223374828,0.21425781923108558,0.6407784985351661,1,0,home_win,leave_one_worldcup_out,"2014,2018"
2022-11-24,2022,Brazil,Serbia,1.6091305857763099,1.0108267938764592,1,1,home_win,0.5130678547561903,0.2490439522178126,0.23788819302599698,home_win,0.28403734340841913,0.21918394773596675,0.49677870885561415,2,0,home_win,leave_one_worldcup_out,"2014,2018"
2022-11-24,2022,Uruguay,South Korea,1.3059899624623936,1.3416335747346335,1,1,away_win,0.3611703355843407,0.2610927964636879,0.3777368679519716,away_win,0.6183258261750763,0.08465877871799057,0.29701539510693326,0,0,draw,leave_one_worldcup_out,"2014,2018"
2022-11-24,2022,Portugal,Ghana,1.8728942190040492,0.8097777926651846,1,0,home_win,0.6250185031664827,0.21873517467638792,0.15624632215712944,home_win,0.058986226447406497,0.17167764807665462,0.7693361254759389,3,2,home_win,leave_one_worldcup_out,"2014,2018"
2022-11-25,2022,England,United States,1.535381731647246,0.9808139657382107,1,0,home_win,0.5017261578599518,0.25662184184337206,0.24165200029667624,draw,0.22577788700278786,0.459719234947361,0.3145028780498511,0,0,draw,leave_one_worldcup_out,"2014,2018"
2022-11-25,2022,Qatar,Senegal,1.0687107566225658,1.4621460556877819,1,1,away_win,0.27643321180016817,0.26186521245795186,0.46170157574187976,draw,0.21624081140763202,0.3921306488885332,0.3916285397038346,1,3,away_win,leave_one_worldcup_out,"2014,2018"
2022-11-25,2022,Netherlands,Ecuador,1.9454702022764925,0.8942723014930205,1,0,home_win,0.6196219160554519,0.2139250474406642,0.16645303650388402,home_win,0.18016101297026807,0.3566949487850011,0.4631440382447309,1,1,draw,leave_one_worldcup_out,"2014,2018"
2022-11-25,2022,Wales,Iran,1.0154871242175425,1.515536422084389,1,1,away_win,0.2537204502517277,0.2580593212375799,0.4882202285106923,away_win,0.6833623450292956,0.08430285949096723,0.23233479547973715,0,2,away_win,leave_one_worldcup_out,"2014,2018"
2022-11-26,2022,Argentina,Mexico,1.578198358765486,0.8573043882674414,1,0,home_win,0.543477534751921,0.2526546259758265,0.20386783927225252,draw,0.2635294099450885,0.5238728255116849,0.2125977645432267,2,0,home_win,leave_one_worldcup_out,"2014,2018"
2022-11-26,2022,Tunisia,Australia,1.1137345109340155,1.1191005362010353,1,1,away_win,0.3542832888712496,0.28874906971744657,0.35696764141130394,draw,0.25948802075965527,0.38927652153919273,0.35123545770115205,0,1,away_win,leave_one_worldcup_out,"2014,2018"
2022-11-26,2022,Poland,Saudi Arabia,1.2288429211566922,0.9492275799438943,1,0,home_win,0.4257789225516311,0.28927420838323786,0.28494686906513117,draw,0.11277936637461806,0.6493482388290103,0.23787239479637173,2,0,home_win,leave_one_worldcup_out,"2014,2018"
2022-11-26,2022,France,Denmark,1.3932360955137022,1.3112526241603477,1,1,home_win,0.390027527104661,0.2576863224706355,0.3522861504247034,away_win,0.464397353855834,0.14983374770475333,0.38576889843941264,2,1,home_win,leave_one_worldcup_out,"2014,2018"
2022-11-27,2022,Croatia,Canada,1.3748871236522626,1.046257511967343,1,1,home_win,0.4437344870517102,0.27058146447006465,0.285684048478225,home_win,0.07581192817767403,0.26910979566318294,0.655078276159143,4,1,home_win,leave_one_worldcup_out,"2014,2018"
2022-11-27,2022,Belgium,Morocco,1.3592362812105738,1.2870011304388422,1,1,home_win,0.3862776285144732,0.2610205172835311,0.35270185420199573,home_win,0.13542583458300647,0.10464704225944228,0.7599271231575513,0,2,away_win,leave_one_worldcup_out,"2014,2018"
2022-11-27,2022,Japan,Costa Rica,1.3421803144478341,0.942569322511388,1,0,home_win,0.4595002337990998,0.2775232261098322,0.262976540091068,home_win,0.21269101765993528,0.37230142848251513,0.41500755385754956,0,1,away_win,leave_one_worldcup_out,"2014,2018"
2022-11-27,2022,Spain,Germany,1.1910694576986431,1.4463339898223482,1,1,away_win,0.3111277939713077,0.25922058933894787,0.42965161668974433,home_win,0.36054848972001113,0.26066449638321687,0.37878701389677194,1,1,draw,leave_one_worldcup_out,"2014,2018"
2022-11-28,2022,Cameroon,Serbia,0.9256251506579493,1.4272021768978753,0,1,away_win,0.24426485555386118,0.2688497281949847,0.4868854162511541,away_win,0.5347821281092312,0.2918047310333595,0.17341314085740925,3,3,draw,leave_one_worldcup_out,"2014,2018"
2022-11-28,2022,Brazil,Switzerland,1.825730026120216,0.9083143221183332,1,0,home_win,0.5898126341394605,0.22650231244851482,0.18368505341202457,home_win,0.1117537954694373,0.23347628736333462,0.654769917167228,1,0,home_win,leave_one_worldcup_out,"2014,2018"
2022-11-28,2022,South Korea,Ghana,1.6823565669491658,0.9455891253658988,1,0,home_win,0.5470126922113961,0.24177209258713045,0.21121521520147318,home_win,0.061107560942426024,0.19212265330295997,0.746769785754614,2,3,away_win,leave_one_worldcup_out,"2014,2018"
2022-11-28,2022,Portugal,Uruguay,1.4935821665313813,1.1184156423504314,1,1,home_win,0.458314786944313,0.2577444116432751,0.28394080141241196,away_win,0.7539342713721436,0.12967011123307215,0.11639561739478431,2,0,home_win,leave_one_worldcup_out,"2014,2018"
2022-11-29,2022,Ecuador,Senegal,0.989227143788214,1.3969906399217162,0,1,away_win,0.26641070963155866,0.2703603764048557,0.4632289139635857,away_win,0.8846761028463298,0.08989743016265077,0.025426466991019313,1,2,away_win,leave_one_worldcup_out,"2014,2018"
2022-11-29,2022,Qatar,Netherlands,0.9661263684044454,2.0362066154402347,0,2,away_win,0.17131965474010424,0.20740188938935064,0.6212784558705452,away_win,0.5463712517940368,0.1493951197823623,0.3042336284236009,0,2,away_win,leave_one_worldcup_out,"2014,2018"
2022-11-29,2022,Wales,England,0.9138550085417811,1.8427329977502318,0,1,away_win,0.18284384762032874,0.22488287885436226,0.5922732735253091,away_win,0.6428629178054299,0.1541466135901282,0.20299046860444198,0,3,away_win,leave_one_worldcup_out,"2014,2018"
2022-11-29,2022,Iran,United States,1.2627585976673315,1.0898927555796853,1,1,home_win,0.4029396152683562,0.27858018461649425,0.3184802001151496,draw,0.3194271540814308,0.480084042685851,0.20048880323271817,0,1,away_win,leave_one_worldcup_out,"2014,2018"
2022-11-30,2022,Poland,Argentina,0.8923754029171782,1.6730479819642146,0,1,away_win,0.19960593975826502,0.2423501124611005,0.5580439477806348,away_win,0.7582652331501134,0.19163069305684344,0.050104073793043054,0,2,away_win,leave_one_worldcup_out,"2014,2018"
2022-11-30,2022,Saudi Arabia,Mexico,0.8954132965174162,1.1805484836932345,0,1,away_win,0.27801975447370775,0.2974729703463471,0.42450727517994513,away_win,0.667960036611522,0.2922570505917676,0.03978291279671048,1,2,away_win,leave_one_worldcup_out,"2014,2018"
2022-11-30,2022,Australia,Denmark,1.004971131540964,1.448766472510416,1,1,away_win,0.2619089143185692,0.2647933506145159,0.4732977350669149,away_win,0.5325437343215726,0.3159969893975551,0.15145927628087238,1,0,home_win,leave_one_worldcup_out,"2014,2018"
2022-11-30,2022,Tunisia,France,1.0080211875345355,1.551458755987626,1,1,away_win,0.2460923105428317,0.2546804944345743,0.499227195022594,away_win,0.7832087960845362,0.17367608597259995,0.04311511794286385,1,0,home_win,leave_one_worldcup_out,"2014,2018"
2022-12-01,2022,Canada,Morocco,0.9435728861375132,1.2978895831240633,0,1,away_win,0.2709298355751085,0.28220725531776014,0.4468629091071312,draw,0.18162652024271606,0.5013573428195593,0.31701613693772457,1,2,away_win,leave_one_worldcup_out,"2014,2018"
2022-12-01,2022,Croatia,Belgium,1.3633527114895783,1.5071556110270266,1,1,away_win,0.3435273583948439,0.24850617794168184,0.40796646366347433,away_win,0.6179770452269239,0.14134815305206722,0.24067480172100897,0,0,draw,leave_one_worldcup_out,"2014,2018"
2022-12-01,2022,Costa Rica,Germany,0.8888520389778459,1.6607378926833667,0,1,away_win,0.20040637457463742,0.24365172211770722,0.5559419033076551,away_win,0.6317373089002571,0.2538016113945845,0.11446107970515841,2,4,away_win,leave_one_worldcup_out,"2014,2018"
2022-12-01,2022,Japan,Spain,1.1689027015092401,1.263051084518014,1,1,away_win,0.34025693486451086,0.2740942967632829,0.38564876837220613,away_win,0.5526495764081661,0.2787194472190227,0.16863097637281113,2,1,home_win,leave_one_worldcup_out,"2014,2018"
2022-12-02,2022,Serbia,Switzerland,1.4599872406091876,1.1562805197901629,1,1,home_win,0.44098691618165203,0.25937653401925204,0.29963654979909604,home_win,0.14812058106810472,0.23553699135325476,0.6163424275786406,2,3,away_win,leave_one_worldcup_out,"2014,2018"
2022-12-02,2022,Cameroon,Brazil,0.7271233639810283,1.7847319450677874,0,1,away_win,0.14739389458760066,0.2259062804376128,0.6266998249747865,away_win,0.7530942848940972,0.2150202884387259,0.031885426667176954,1,0,home_win,leave_one_worldcup_out,"2014,2018"
2022-12-02,2022,Ghana,Uruguay,0.9693200034115566,1.6787602404326056,0,1,away_win,0.21746322718522718,0.24224485079822602,0.5402919220165467,away_win,0.9670177405953132,0.023730334293279035,0.009251925111407794,0,2,away_win,leave_one_worldcup_out,"2014,2018"
2022-12-02,2022,South Korea,Portugal,1.120811569853506,1.457016309930487,1,1,away_win,0.2909400640654928,0.26077349006438644,0.448286445870121,away_win,0.5245355128938932,0.3345832320688224,0.14088125503728438,2,1,home_win,leave_one_worldcup_out,"2014,2018"
2022-12-03,2022,Netherlands,United States,1.646845254405364,1.0220583049959218,1,1,home_win,0.5196714331693313,0.24535393228094984,0.2349746345497187,home_win,0.05855944168047377,0.3158195959088325,0.6256209624106938,3,1,home_win,leave_one_worldcup_out,"2014,2018"
2022-12-03,2022,Argentina,Australia,1.4755405914168482,0.8123544754746638,1,0,home_win,0.5285014593424292,0.2648142213363281,0.20668431932124257,home_win,0.01647590443886504,0.22041790845029588,0.7631061871108391,2,1,home_win,leave_one_worldcup_out,"2014,2018"
2022-12-04,2022,France,Poland,1.629581185494324,1.0307127128279632,1,1,home_win,0.5133386792009271,0.24695125132324536,0.23971006947582774,home_win,0.029180470776929278,0.07366338137120221,0.8971561478518686,3,1,home_win,leave_one_worldcup_out,"2014,2018"
2022-12-04,2022,England,Senegal,1.4628693578537095,0.9774523701616834,1,0,home_win,0.48367455466150827,0.2640122531752762,0.25231319216321535,home_win,0.051107546510943506,0.24912032008335336,0.6997721334057032,3,0,home_win,leave_one_worldcup_out,"2014,2018"
2022-12-05,2022,Japan,Croatia,1.169867385080292,1.1926128291884803,1,1,away_win,0.3548491739320341,0.27919373508885614,0.36595709097910967,home_win,0.15116326807323785,0.23258186129808991,0.6162548706286722,1,1,draw,leave_one_worldcup_out,"2014,2018"
2022-12-05,2022,Brazil,South Korea,1.6128247457622809,0.9481803485648694,1,0,home_win,0.5293198440615201,0.24894148110597794,0.2217386748325019,home_win,0.020705922038910755,0.07863265076729593,0.9006614271937933,4,1,home_win,leave_one_worldcup_out,"2014,2018"
2022-12-06,2022,Morocco,Spain,1.1869742250750985,1.2019520989430765,1,1,away_win,0.3576737316036521,0.27737274179524063,0.3649535266011072,home_win,0.08553185393296715,0.3131314191050111,0.6013367269620218,0,0,draw,leave_one_worldcup_out,"2014,2018"
2022-12-06,2022,Portugal,Switzerland,1.5246089562202754,0.9924816616361777,1,0,home_win,0.49611773391896113,0.2575403182380723,0.24634194784296654,home_win,0.03466165646187994,0.15469462235521117,0.8106437211829088,6,1,home_win,leave_one_worldcup_out,"2014,2018"
2022-12-09,2022,Netherlands,Argentina,1.2787516558724015,1.2825627296085476,1,1,away_win,0.36598109656200445,0.2662405147157792,0.36777838872221613,draw,0.26285602636707756,0.3737947233629419,0.3633492502699806,2,2,draw,leave_one_worldcup_out,"2014,2018"
2022-12-09,2022,Croatia,Brazil,1.0241023601558066,1.553279938845623,1,1,away_win,0.24989737444455132,0.25428823332051764,0.49581439223493085,away_win,0.3746083409868533,0.2710965692628481,0.3542950897502986,1,1,draw,leave_one_worldcup_out,"2014,2018"
2022-12-10,2022,Morocco,Portugal,1.0986973099989235,1.2167074539246232,1,1,away_win,0.32998289218925303,0.28194025319906374,0.3880768546116833,draw,0.08005973330334817,0.5333675190521763,0.38657274764447547,1,0,home_win,leave_one_worldcup_out,"2014,2018"
2022-12-10,2022,England,France,1.377018665009441,1.1988288628469994,1,1,home_win,0.4098064328216788,0.26409986259831036,0.326093704580011,home_win,0.18499687858049135,0.3326245120199853,0.4823786093995235,1,2,away_win,leave_one_worldcup_out,"2014,2018"
2022-12-13,2022,Argentina,Croatia,1.4267216436936143,1.0198556604708933,1,1,home_win,0.46388349028488296,0.2665422992557736,0.2695742104593436,home_win,0.08623743588516312,0.19430810088165174,0.7194544632331852,3,0,home_win,leave_one_worldcup_out,"2014,2018"
2022-12-14,2022,France,Morocco,1.3035310541998086,1.1565838339036785,1,1,home_win,0.399374571299899,0.2717079021466577,0.32891752655344353,home_win,0.03162516049162965,0.10510284845161727,0.863271991056753,2,0,home_win,leave_one_worldcup_out,"2014,2018"
2022-12-17,2022,Croatia,Morocco,1.1804385505268256,1.2355980740390573,1,1,away_win,0.34895798058813715,0.2754076827344007,0.3756343366774622,home_win,0.025901535592941227,0.12941940652052927,0.8446790578865294,2,1,home_win,leave_one_worldcup_out,"2014,2018"
2022-12-18,2022,Argentina,France,1.3354854003473933,1.1262030739609046,1,1,home_win,0.41477251442188995,0.2706743610856239,0.31455312449248635,draw,0.20571093159952267,0.4067958868591771,0.38749318154130025,3,3,draw,leave_one_worldcup_out,"2014,2018"
