date,world_cup,home_team,away_team,pred_home_goals_mean,pred_away_goals_mean,pred_home_goals_modal,pred_away_goals_modal,pred_outcome_poisson,poisson_p_home_win,poisson_p_draw,poisson_p_away_win,pred_outcome_logit,logit_p_away_win,logit_p_draw,logit_p_home_win,home_score,away_score,actual_outcome
2014-06-12,2014,Brazil,Croatia,1.9961049939787276,0.988035154122831,1,0,home_win,0.6076448456382427,0.21179947613742747,0.18055567822432972,home_win,0.19052195749476972,0.2660293302139389,0.5434487122912914,3,1,home_win
2014-06-13,2014,Chile,Australia,1.8412052351654296,1.0860260117848253,1,1,home_win,0.550292748186806,0.22767082737461142,0.2220364244385825,home_win,0.0865641560883432,0.07537833373854677,0.83805751017311,3,1,home_win
2014-06-13,2014,Mexico,Cameroon,1.6116498898458782,1.0301940346554095,1,1,home_win,0.5090220331958843,0.24865539949068705,0.24232256731342866,home_win,0.1374117283255951,0.08648319048666202,0.776105081187743,1,0,home_win
2014-06-13,2014,Spain,Netherlands,1.2400729946975917,1.238733988039157,1,1,home_win,0.36461789080201024,0.27140474230798023,0.36397736689000953,away_win,0.5880544322331778,0.17276428764049034,0.2391812801263318,1,5,away_win
2014-06-14,2014,Uruguay,Costa Rica,1.672548335145275,0.9378586144165726,1,0,home_win,0.5465536426751377,0.24273987803795072,0.21070647928691144,home_win,0.2384339463864498,0.15183648853206036,0.6097295650814898,1,3,away_win
2014-06-14,2014,Ivory Coast,Japan,1.7079446745586362,1.2856930659042545,1,1,home_win,0.473528602663112,0.2374985765721701,0.28897282076471803,home_win,0.1171230954425975,0.06629539235550942,0.816581512201893,2,1,home_win
2014-06-14,2014,England,Italy,1.5638517399434935,1.0518134265268626,1,1,home_win,0.4918666859661833,0.2528923245923821,0.2552409894414346,home_win,0.2286711106457434,0.35694627151364594,0.4143826178406106,1,2,away_win
2014-06-14,2014,Colombia,Greece,1.2944336637082585,1.0575675200312642,1,1,home_win,0.4190709572209536,0.2774639168699569,0.3034651259090896,away_win,0.3939709929977793,0.24016119737947283,0.3658678096227479,3,0,home_win
2014-06-15,2014,Argentina,Bosnia and Herzegovina,1.4932430107221524,1.133888693914386,1,1,home_win,0.4546719456353568,0.25734371188746374,0.2879843424771793,home_win,0.30791457384098714,0.20059888563927458,0.4914865405197383,2,1,home_win
2014-06-15,2014,France,Honduras,2.007805167691927,0.8718944115592178,2,0,home_win,0.6382107954926087,0.20687201496144933,0.1549171895459419,home_win,0.09003140348348095,0.08220740493091767,0.8277611915856014,3,0,home_win
2014-06-15,2014,Switzerland,Ecuador,1.6784808135609306,1.0975272343978681,1,1,home_win,0.5093888465244409,0.24204900491675485,0.24856214855880426,home_win,0.2703258736627201,0.1485680833348624,0.5811060430024174,2,1,home_win
2014-06-16,2014,Germany,Portugal,1.7372536074843516,1.2568443587192448,1,1,home_win,0.4868722059648786,0.23578700244367917,0.2773407915914424,home_win,0.25244656738457666,0.0978769665453687,0.6496764660700547,4,0,home_win
2014-06-16,2014,Ghana,United States,1.2630166847081665,1.3654674824688635,1,1,away_win,0.34520470539122067,0.2618400923808599,0.39295520222791935,away_win,0.4683776865905158,0.22557734226919698,0.3060449711402873,1,2,away_win
2014-06-16,2014,Iran,Nigeria,1.3580222166863927,1.1742887805292335,1,1,home_win,0.41014965974617434,0.266652799437708,0.32319754081611757,home_win,0.21432628886764732,0.24895062565144885,0.5367230854809037,0,0,draw
2014-06-17,2014,Belgium,Algeria,1.4363341218139294,1.1516809463994637,1,1,home_win,0.4358674335627136,0.2614388754480277,0.30269369098925863,home_win,0.20135166474920382,0.09185273975299306,0.7067955954978031,2,1,home_win
2014-06-17,2014,Brazil,Mexico,1.9570606466209348,1.0397090026408282,1,1,home_win,0.58697679963431,0.21662904030197624,0.19639416006371388,home_win,0.18533873419497324,0.3377973803995879,0.4768638854054388,0,0,draw
2014-06-17,2014,Russia,South Korea,1.8225816183837638,0.8331585507248502,1,0,home_win,0.6079461487271385,0.22496006497926133,0.16709378629360022,home_win,0.1430426041573528,0.209747580543202,0.6472098152994452,1,1,draw
2014-06-18,2014,Spain,Chile,1.6881160546777498,1.0472596744587848,1,1,home_win,0.5236514919077887,0.24139442236534986,0.23495408572686155,home_win,0.3261087325233603,0.16223746661201266,0.5116538008646271,0,2,away_win
2014-06-18,2014,Australia,Netherlands,0.7977837335422868,2.1778395171510128,0,2,away_win,0.1238685316638247,0.18653291885483303,0.6895985494813424,away_win,0.8107341048474326,0.12842161556207263,0.06084427959049465,2,3,away_win
2014-06-18,2014,Cameroon,Croatia,1.0507469254431638,1.531550408105878,1,1,away_win,0.26018618319552306,0.2559080813492469,0.48390573545522997,away_win,0.6361274179001034,0.15544474063566882,0.20842784146422774,0,4,away_win
2014-06-19,2014,Uruguay,England,1.2184032279322612,1.3810511886592072,1,1,away_win,0.33048174648160034,0.262911589571797,0.4066066639466025,away_win,0.5433979091349651,0.2124511537005476,0.24415093716448738,2,1,home_win
2014-06-19,2014,Colombia,Ivory Coast,1.4280906153939652,1.2442801291748544,1,1,home_win,0.4132583480852752,0.2584508204048459,0.328290831509879,home_win,0.2553674883327529,0.17309033521962722,0.57154217644762,2,1,home_win
2014-06-19,2014,Japan,Greece,1.1653632954121997,1.451656079263605,1,1,away_win,0.3034909116289531,0.2597311854791972,0.4367779028918498,away_win,0.47639495347031546,0.26290405570123415,0.26070099082845044,0,0,draw
2014-06-20,2014,Honduras,Ecuador,1.166255137083254,1.6145939359111565,1,1,away_win,0.27555893175362783,0.2466240496163202,0.47781701863005194,away_win,0.5246598859090538,0.1895204470835081,0.28581966700743805,1,2,away_win
2014-06-20,2014,Italy,Costa Rica,1.4438641946201054,1.061996715270394,1,1,home_win,0.4584720488531047,0.26371784405287496,0.27781010709402015,home_win,0.3286166858255114,0.08063061366808957,0.590752700506399,0,1,away_win
2014-06-20,2014,Switzerland,France,1.2548352369218114,1.3648142755243962,1,1,away_win,0.34318868297450705,0.2622911943243261,0.39452012270116676,away_win,0.4880631506831889,0.1947281407938859,0.3172087085229252,2,5,away_win
2014-06-21,2014,Argentina,Iran,1.6474160153028305,0.9465069269855011,1,0,home_win,0.5382794909679854,0.24536909030990395,0.21635141872211042,home_win,0.22686827450848276,0.17800778131711598,0.5951239441744013,1,0,home_win
2014-06-21,2014,Germany,Ghana,1.8082658683931938,1.0376908291524378,1,1,home_win,0.5542568240678223,0.2302159524058228,0.21552722352635484,home_win,0.16634637604881386,0.0849076384112088,0.7487459855399773,2,2,draw
2014-06-21,2014,Nigeria,Bosnia and Herzegovina,1.0643932666712523,1.6268724440184057,1,1,away_win,0.24844385105165526,0.24693961159978156,0.504616537348563,away_win,0.5359172357362346,0.1297147252234984,0.334368039040267,1,0,home_win
2014-06-22,2014,South Korea,Algeria,0.9574321973706269,1.6389457878666043,0,1,away_win,0.22024906174775963,0.2462521948373422,0.5334987434148979,away_win,0.6655046717395581,0.13683048354136107,0.19766484471908088,2,4,away_win
2014-06-22,2014,Belgium,Russia,1.249899531866169,1.2807211432434042,1,1,away_win,0.35864980938540036,0.2680890491626439,0.3732611414519558,away_win,0.439998439469182,0.1351402123146904,0.42486134821612753,1,0,home_win
2014-06-22,2014,United States,Portugal,1.3118443207300532,1.5297575641487617,1,1,away_win,0.32650301075148025,0.24901095116175506,0.4244860380867649,home_win,0.39263859015734504,0.2077771099458019,0.39958429989685307,2,2,draw
2014-06-23,2014,Netherlands,Chile,1.6463936194594162,1.022480304580417,1,1,home_win,0.5194588317773404,0.24539535122961692,0.2351458169930425,home_win,0.3405867610545546,0.3088412285608902,0.3505720103845553,2,0,home_win
2014-06-23,2014,Croatia,Mexico,1.2871970548892475,1.3815402493624094,1,1,away_win,0.3483591000466485,0.2595994597564015,0.39204144019695,away_win,0.4367055799481954,0.23814876528278703,0.3251456547690175,1,3,away_win
2014-06-23,2014,Australia,Spain,0.8171176787809695,2.233029701986699,0,2,away_win,0.12262782215444754,0.1822320695271808,0.6951401083183717,away_win,0.8313101389077414,0.12727347526514718,0.041416385827111366,0,3,away_win
2014-06-23,2014,Brazil,Cameroon,2.328576670242725,0.7907630909664859,2,0,home_win,0.7181702558380895,0.171736616441133,0.11009312772077752,home_win,0.04875809262756675,0.1518475929470291,0.7993943144254042,4,1,home_win
2014-06-24,2014,Costa Rica,England,0.8310691101984214,1.679953190934034,0,1,away_win,0.18389175613074432,0.24081495819674378,0.5752932856725118,away_win,0.6076070081264617,0.29765098108449234,0.09474201078904584,0,0,draw
2014-06-24,2014,Greece,Ivory Coast,1.2245337504343343,1.3058847629591537,1,1,away_win,0.3467858446666822,0.2678710666692246,0.38534308866409295,home_win,0.33673662070115995,0.18773100969532006,0.47553236960351997,2,1,home_win
2014-06-24,2014,Italy,Uruguay,1.1869678113673494,1.5569586332356553,1,1,away_win,0.29043873265039083,0.2507864150194331,0.45877485233017595,away_win,0.719764965033123,0.0752143677367276,0.20502066723014942,0,1,away_win
2014-06-24,2014,Japan,Colombia,1.110387710218257,1.6929679748235917,1,1,away_win,0.24943818113826322,0.24069971056276562,0.509862108298971,away_win,0.5688785658147627,0.26507624779821587,0.16604518638702148,1,4,away_win
2014-06-25,2014,Bosnia and Herzegovina,Iran,1.4412703489603331,1.0905009062051576,1,1,home_win,0.451146857634128,0.26308428182369636,0.28576886054217554,home_win,0.21499033269905676,0.18882851678978785,0.5961811505111555,3,1,home_win
2014-06-25,2014,Ecuador,France,1.0692883139836202,1.7786182609672574,1,1,away_win,0.22700230002530666,0.23314635324363414,0.5398513467310594,away_win,0.7364492155797323,0.12264691510769543,0.1409038693125723,0,0,draw
2014-06-25,2014,Honduras,Switzerland,0.8949203406521129,1.894764337743087,0,1,away_win,0.1724141959530547,0.21908842931217418,0.6084973747347711,away_win,0.6803350909292151,0.16601477490036315,0.15365013417042167,0,3,away_win
2014-06-25,2014,Nigeria,Argentina,0.9238466416748964,1.8595648769601811,0,1,away_win,0.18302162297885832,0.22340366189308192,0.5935747151280597,away_win,0.8336275637459065,0.10183756130618317,0.06453487494791026,2,3,away_win
2014-06-26,2014,United States,Germany,1.1331676363615628,1.8264853548098592,1,1,away_win,0.23489351954581514,0.22922956752651202,0.5358769129276728,away_win,0.4482129990205072,0.25024907339213687,0.3015379275873559,0,1,away_win
2014-06-26,2014,Portugal,Ghana,1.5144979853695488,1.2013128307018959,1,1,home_win,0.444843518406847,0.2536790410480564,0.30147744054509645,home_win,0.34773141035406074,0.08796890018976977,0.5642996894561695,2,1,home_win
2014-06-26,2014,Algeria,Russia,1.1112337941229395,1.4200649562369765,1,1,away_win,0.2949918200356817,0.2642251577168222,0.44078302224749616,away_win,0.4920477376708134,0.2071512400549245,0.3008010222742621,1,1,draw
2014-06-26,2014,South Korea,Belgium,0.8634842040211071,1.843462270354481,0,1,away_win,0.17146143849353673,0.22355483494852318,0.6049837265579403,away_win,0.7559555342319383,0.15430407029946255,0.08974039546859913,0,1,away_win
2014-06-28,2014,Brazil,Chile,1.9164488167584883,1.160227722689104,1,1,home_win,0.5498705798906044,0.22190135877009495,0.2282280613393006,home_win,0.0602634192640217,0.37158584069639844,0.5681507400395799,1,1,draw
2014-06-28,2014,Colombia,Uruguay,1.3150688706622173,1.3713070311959745,1,1,away_win,0.3576019535253196,0.25882606744501685,0.3835719790296637,home_win,0.19854469985203393,0.2900490911101267,0.5114062090378394,2,0,home_win
2014-06-29,2014,Costa Rica,Greece,0.981674457899109,1.3716739692931212,0,1,away_win,0.2686874834620672,0.2731478056845256,0.45816471085340726,home_win,0.2164561957919621,0.38666016320460306,0.3968836410034349,1,1,draw
2014-06-29,2014,Netherlands,Mexico,1.787884879999615,0.9743664808994041,1,0,home_win,0.564881105919577,0.23145166969215927,0.20366722438826382,home_win,0.06879473367280566,0.2322898301030412,0.6989154362241533,2,1,home_win
2014-06-30,2014,France,Nigeria,1.7674116546184944,1.0604669485348128,1,1,home_win,0.539334702777622,0.23412296253223008,0.22654233469014814,home_win,0.027100570624159385,0.07144567837592532,0.9014537509999153,2,0,home_win
2014-06-30,2014,Germany,Algeria,2.0189007018337253,1.0093569018899704,2,1,home_win,0.607364938460868,0.21027964199690943,0.18235541954222256,home_win,0.01546090914904669,0.028456895931843612,0.9560821949191097,2,1,home_win
2014-07-01,2014,Argentina,Switzerland,1.5270244639404182,1.1624874436905221,1,1,home_win,0.45677521889735845,0.25379313987062835,0.2894316412320132,home_win,0.12571210388387685,0.23695762118188504,0.6373302749342381,1,0,home_win
2014-07-01,2014,Belgium,United States,1.381832908263304,1.3749294216010586,1,1,home_win,0.37402946675394333,0.255093228813787,0.3708773044322699,home_win,0.07899266347660576,0.09828529895899263,0.8227220375644018,2,1,home_win
2014-07-04,2014,Brazil,Colombia,1.7256546288713306,1.1417465052291318,1,1,home_win,0.5103579691354834,0.23772554087740688,0.25191648998710975,home_win,0.08850410808357245,0.4278190675286624,0.483676824387765,2,1,home_win
2014-07-04,2014,France,Germany,1.2064310634924813,1.7588324249629959,1,1,away_win,0.2620551692773893,0.2346276187221151,0.5033172120004956,home_win,0.1899233010194387,0.25269223571934196,0.5573844632612194,0,1,away_win
2014-07-05,2014,Netherlands,Costa Rica,1.9227956140195457,0.7630782871027609,1,0,home_win,0.6475831527001091,0.21145621356794714,0.14096063373194384,home_win,0.03949517999568238,0.18710986327924725,0.7733949567250703,0,0,draw
2014-07-05,2014,Argentina,Belgium,1.5401477090607236,1.1592218201502094,1,1,home_win,0.4608418456620001,0.2528151329653862,0.28634302137261386,home_win,0.0976024107908897,0.22837466476248133,0.6740229244466289,1,0,home_win
2014-07-08,2014,Brazil,Germany,1.5044188400930225,1.593443919695047,1,1,away_win,0.3615273791407202,0.23837388464008621,0.40009873621919356,home_win,0.096394041496188,0.44351222901339826,0.46009372949041366,1,7,away_win
2014-07-09,2014,Netherlands,Argentina,1.3608390005236182,1.2248952523871832,1,1,home_win,0.3998792636061231,0.26403678352687154,0.3360839528670053,draw,0.26224388192944126,0.3953366620106531,0.34241945605990565,0,0,draw
2014-07-12,2014,Brazil,Netherlands,1.407803934330818,1.3723563973787143,1,1,home_win,0.3811584291344733,0.25380738427618327,0.3650341865893434,draw,0.14113734149128443,0.5139194313336901,0.3449432271750254,0,3,away_win
2014-07-13,2014,Germany,Argentina,1.5800710625971954,1.3089574832788822,1,1,home_win,0.43754999694358165,0.24578493565058887,0.3166650674058296,home_win,0.1619669286055777,0.14761309403516337,0.6904199773592589,1,0,home_win
2018-06-14,2018,Russia,Saudi Arabia,1.2822298688078395,1.3394470071016613,1,1,away_win,0.3553886323339586,0.26251635813752966,0.3820950095285115,home_win,0.29385566567305843,0.1929827546588276,0.5131615796681139,5,0,home_win
2018-06-15,2018,Portugal,Spain,1.0619827812099387,1.4549525388111695,1,1,away_win,0.27590073661235287,0.26270603930969044,0.46139322407795685,away_win,0.3564499928801578,0.33493549686666363,0.30861451025317854,3,3,draw
2018-06-15,2018,Egypt,Uruguay,1.0175765547052957,1.4630913456047963,1,1,away_win,0.2628516299184208,0.26309171350700167,0.4740566565745775,away_win,0.7840652125974429,0.1363003730626043,0.07963441433995279,0,1,away_win
2018-06-15,2018,Morocco,Iran,1.2973786146223718,1.0846641599267262,1,1,home_win,0.4137141755889246,0.2758784114802278,0.31040741293084745,draw,0.30241579645342603,0.36689763154284605,0.33068657200372786,0,1,away_win
2018-06-16,2018,France,Australia,1.962303905879703,0.9092455885393057,1,0,home_win,0.6195369196203155,0.21271874234497581,0.16774433803470862,home_win,0.08279676454318077,0.0592592756571976,0.8579439597996217,2,1,home_win
2018-06-16,2018,Argentina,Iceland,1.4849178542609147,1.2390567975341504,1,1,home_win,0.42897161079359863,0.2546311747512599,0.3163972144551414,home_win,0.3782971270080719,0.16154886025618892,0.4601540127357392,1,1,draw
2018-06-16,2018,Peru,Denmark,1.1055208385865614,1.2568571008882181,1,1,away_win,0.3239777493199489,0.27821127127255846,0.3978109794074925,away_win,0.4238666394388511,0.3933451594586924,0.18278820110245647,0,1,away_win
2018-06-16,2018,Croatia,Nigeria,1.4486787546248872,1.058559301035428,1,1,home_win,0.46054729404894157,0.26337666664296233,0.2760760393080961,home_win,0.3163811227622068,0.19700185765747139,0.4866170195803219,2,0,home_win
2018-06-17,2018,Costa Rica,Serbia,1.1909751464916403,1.354778008801897,1,1,away_win,0.3282622954550723,0.26611048432722595,0.40562722021770153,away_win,0.6154601181475227,0.12497035642589689,0.2595695254265804,0,1,away_win
2018-06-17,2018,Germany,Mexico,1.8771406122543604,0.8657419278166849,1,0,home_win,0.6118817531072451,0.22006870920384275,0.16804953768891223,home_win,0.2460093503875438,0.13351170556961606,0.6204789440428401,0,1,away_win
2018-06-17,2018,Brazil,Switzerland,1.3370604345294324,1.078242313114406,1,1,home_win,0.42605976219269864,0.27271184209112176,0.3012283957161796,away_win,0.36332311578681253,0.33538945760679184,0.3012874266063957,1,1,draw
2018-06-18,2018,Sweden,South Korea,1.6944615574310942,0.9052680482931611,1,0,home_win,0.5599693027437007,0.24018405859285935,0.19984663866343985,home_win,0.17719225143491932,0.1712323272422667,0.651575421322814,1,0,home_win
2018-06-18,2018,Belgium,Panama,2.7596677223795365,0.6449869374502931,2,0,home_win,0.813338059984163,0.12475751964191438,0.06190442037392261,home_win,0.035201199331203234,0.1019720353565061,0.8628267653122907,3,0,home_win
2018-06-18,2018,Tunisia,England,1.0207180647337422,1.4438082938993975,1,1,away_win,0.26690983930844225,0.26487306096517726,0.4682170997263807,away_win,0.5201023745220843,0.13939261340624293,0.3405050120716727,1,2,away_win
2018-06-19,2018,Colombia,Japan,1.7406844104797545,0.9656115072435486,1,0,home_win,0.5560016762157535,0.23602455868650019,0.2079737650977462,home_win,0.2623780457380807,0.08836085048866504,0.6492611037732543,1,2,away_win
2018-06-19,2018,Poland,Senegal,1.285973618551384,1.2058495388731336,1,1,home_win,0.3839630477515692,0.27030424204662157,0.3457327102018092,home_win,0.4143476887987046,0.1504865119746625,0.43516579922663273,1,2,away_win
2018-06-19,2018,Russia,Egypt,1.0159008957981173,1.57775431138833,1,1,away_win,0.24398147130917905,0.25203504615414213,0.5039834825366788,away_win,0.706120251286821,0.16729416019283333,0.12658558852034568,3,1,home_win
2018-06-20,2018,Iran,Spain,0.8216833686845976,1.8461934877538033,0,1,away_win,0.16183367820677846,0.22204133911257254,0.6161249826806489,away_win,0.5341111202785654,0.37223939436851683,0.09364948535291771,0,1,away_win
2018-06-20,2018,Uruguay,Saudi Arabia,1.8466559404447371,0.8638796679930972,1,0,home_win,0.6055973792163558,0.22322726253828404,0.17117535824535998,home_win,0.05874542173392993,0.08830038957246315,0.8529541886936068,1,0,home_win
2018-06-20,2018,Portugal,Morocco,1.40187170038716,1.0224412130500697,1,1,home_win,0.45661824044387167,0.26885352912791327,0.2745282304282148,home_win,0.2165301251692057,0.17556445063857226,0.6079054241922222,1,0,home_win
2018-06-21,2018,Denmark,Australia,1.6328828206514339,0.8806072125305016,1,0,home_win,0.5511994752712902,0.24663636321651722,0.20216416151219266,home_win,0.10540448748508771,0.18307105272102017,0.7115244597938921,1,1,draw
2018-06-21,2018,France,Peru,1.5104179963272888,1.1414736686457563,1,1,home_win,0.45733976117088904,0.25570861648212206,0.2869516223469889,away_win,0.4546769405428771,0.12045207171644055,0.42487098774068227,1,0,home_win
2018-06-21,2018,Argentina,Croatia,1.3952129512777616,1.1940563632326482,1,1,home_win,0.41564665147768914,0.2629601191165062,0.3213932294058048,away_win,0.4934545217218219,0.1395841586137196,0.3669613196644586,0,3,away_win
2018-06-22,2018,Brazil,Costa Rica,1.8925425402649203,0.7848206320535054,1,0,home_win,0.6356088751610169,0.21567345039907657,0.1487176744399065,home_win,0.17151518157004453,0.2714824600043047,0.5570023584256508,2,0,home_win
2018-06-22,2018,Nigeria,Iceland,1.1266191332741793,1.5032751498444465,1,1,away_win,0.284379135621825,0.25670250223235686,0.45891836214581805,away_win,0.595097887282322,0.1865603131546956,0.2183417995629823,2,0,home_win
2018-06-22,2018,Serbia,Switzerland,0.9571357232931835,1.6362462254016874,0,1,away_win,0.22056513267170863,0.24652782409690135,0.53290704323139,away_win,0.7222314462098387,0.1670953884687292,0.11067316532143218,1,2,away_win
2018-06-23,2018,Belgium,Tunisia,2.3800922116145227,0.7193035215640395,2,0,home_win,0.7432377091361612,0.1624128790940329,0.0943494117698059,home_win,0.033160754641256576,0.13101826007208311,0.8358209852866604,5,2,home_win
2018-06-23,2018,South Korea,Mexico,0.9588255060052198,1.64774301120444,0,1,away_win,0.2193271968237827,0.24535629531842515,0.5353165078577923,away_win,0.7220479307528509,0.16770729283200825,0.11024477641514085,1,2,away_win
2018-06-23,2018,Germany,Sweden,1.7722885006545532,0.8902883552632149,1,0,home_win,0.5820749842832832,0.23171156527944528,0.18621345043727155,home_win,0.29977071686620693,0.1654953468844441,0.5347339362493491,2,1,home_win
2018-06-24,2018,Poland,Colombia,1.353421080612242,1.312345793783946,1,1,home_win,0.37949570220448386,0.26004215367046085,0.3604621441250553,away_win,0.5792487584185432,0.1481000983821234,0.2726511431993335,0,3,away_win
2018-06-24,2018,England,Panama,1.6740658729668367,0.9152601076403788,1,0,home_win,0.5525497141913758,0.24243510781637717,0.20501517799224697,home_win,0.21516794268263187,0.12797009271752854,0.6568619645998395,6,1,home_win
2018-06-24,2018,Japan,Senegal,0.9174904557590576,1.5994286747005244,0,1,away_win,0.2160112099426672,0.2503789356948599,0.5336098543624729,away_win,0.6948122455264699,0.2096675204825026,0.0955202339910274,2,2,draw
2018-06-25,2018,Russia,Uruguay,0.8954117775237319,1.9994713428417987,0,1,away_win,0.16069952080815966,0.2085665787908333,0.6307339004010069,away_win,0.8119447643548292,0.14104662939680124,0.047008606248369667,0,3,away_win
2018-06-25,2018,Saudi Arabia,Egypt,0.980125737236807,1.457169857481714,0,1,away_win,0.2539476372117318,0.26453305493621576,0.4815193078520524,away_win,0.5269679631543489,0.2285777864341526,0.24445425041149849,2,1,home_win
2018-06-25,2018,Spain,Morocco,1.7093480197588131,0.909974494936352,1,0,home_win,0.5623533752691586,0.23865928418983637,0.19898734054100495,home_win,0.11895851198341421,0.1761866290446541,0.7048548589719316,2,2,draw
2018-06-25,2018,Iran,Portugal,0.9232378983102267,1.5141015018616906,0,1,away_win,0.230068374656142,0.25950239374478834,0.5104292315990698,away_win,0.4700220623948549,0.41063707490083706,0.11934086270430797,1,1,draw
2018-06-26,2018,Iceland,Croatia,1.2696051322880473,1.3021595854458219,1,1,away_win,0.3595549272043786,0.26556549052142064,0.37487958227420065,away_win,0.5599428737778203,0.09151869322946592,0.34853843299271375,1,2,away_win
2018-06-26,2018,Australia,Peru,0.9746391917964238,1.589635975734897,0,1,away_win,0.23178310508718938,0.251209362766379,0.5170075321464317,away_win,0.541573852705646,0.2378102680942701,0.22061587920008396,0,2,away_win
2018-06-26,2018,Denmark,France,1.172528032964236,1.3646947431388523,1,1,away_win,0.3214610115830099,0.26622375545062005,0.41231523296637,away_win,0.5107820095653438,0.2856516816821026,0.20356630875255363,0,0,draw
2018-06-26,2018,Nigeria,Argentina,1.033089000811764,1.6520010080749539,1,1,away_win,0.23690455194780735,0.24481833554699836,0.5182771125051943,away_win,0.7996363224320312,0.1369946623564909,0.06336901521147793,1,2,away_win
2018-06-27,2018,Serbia,Brazil,0.839474566517242,1.779579285022674,0,1,away_win,0.17359082598968145,0.22983558139197668,0.5965735926183421,away_win,0.7905599186344567,0.16063002694157036,0.048810054423972876,0,2,away_win
2018-06-27,2018,Switzerland,Costa Rica,1.740111055451593,0.8948214672332386,1,0,home_win,0.5734320217176632,0.2351994039990173,0.19136857428331958,home_win,0.26913474180573477,0.20146327198844793,0.5294019862058172,2,2,draw
2018-06-27,2018,South Korea,Germany,0.6703106653528259,2.497666129422818,0,2,away_win,0.07919885615919701,0.14831644773834246,0.7724846961024605,away_win,0.8082798526839859,0.1686141450921996,0.023106002223814467,2,0,home_win
2018-06-27,2018,Mexico,Sweden,1.1692019026843985,1.2734859026545373,1,1,away_win,0.3382611793352233,0.2732990048175801,0.38843981584719656,away_win,0.6515046020394516,0.17282888890969728,0.17566650905085107,0,3,away_win
2018-06-28,2018,England,Belgium,0.8282647275875582,1.937523739216762,0,1,away_win,0.153251677102459,0.21246117062274614,0.6342871522747947,away_win,0.7010606297306565,0.1989385037961094,0.10000086647323407,0,1,away_win
2018-06-28,2018,Panama,Tunisia,1.1243234907031114,1.453836482041822,1,1,away_win,0.2924176399463411,0.26092937044131864,0.44665298961234046,away_win,0.6279575977215689,0.15802768488388294,0.2140147173945482,1,2,away_win
2018-06-28,2018,Senegal,Colombia,1.2089003137440018,1.2501000565592115,1,1,away_win,0.35380345724823936,0.2726178035427823,0.3735787392089783,away_win,0.8158913734994893,0.12970210864168516,0.05440651785882564,0,1,away_win
2018-06-28,2018,Japan,Poland,0.9631746948051464,1.7906360521747615,0,1,away_win,0.2007149799221901,0.23102934584193996,0.5682556742358701,away_win,0.5185583436977715,0.2859292613234695,0.19551239497875894,0,1,away_win
2018-06-30,2018,France,Argentina,1.6162670012971265,1.2623600421990864,1,1,home_win,0.4566058286347069,0.24451557249081396,0.29887859887447926,home_win,0.20548481884428155,0.18278177559113395,0.6117334055645846,4,3,home_win
2018-06-30,2018,Uruguay,Portugal,1.01644813295824,1.6098414242599253,1,1,away_win,0.23917957699183656,0.24893508691530453,0.5118853360928589,home_win,0.23538077806799274,0.3597426375257662,0.4048765844062411,2,1,home_win
2018-07-01,2018,Russia,Spain,0.628139345075173,3.04353013608948,0,3,away_win,0.04818307963820035,0.103301344324243,0.8485155760375566,away_win,0.5968205715027072,0.31791523649525555,0.08526419200203736,1,1,draw
2018-07-01,2018,Croatia,Denmark,1.0721265671334677,1.378095493572696,1,1,away_win,0.2920933671478383,0.2693199448972235,0.4385866879549384,draw,0.29617760072241406,0.390296355817544,0.313526043460042,1,1,draw
2018-07-02,2018,Brazil,Mexico,1.7091664785841132,0.9035483683863937,1,0,home_win,0.5639183637136235,0.2386036584013217,0.19747797788505472,home_win,0.05381691963571031,0.25225808268197414,0.6939249976823155,2,0,home_win
2018-07-02,2018,Belgium,Japan,2.75039087144167,0.6744265181280524,2,0,home_win,0.8062160549908073,0.12771642383253762,0.06606752117665508,home_win,0.0020598302112288334,0.036252788169552366,0.9616873816192187,3,2,home_win
2018-07-03,2018,Colombia,England,1.3039816272279592,1.2610600844806679,1,1,home_win,0.3771431380265211,0.26594098520134557,0.35691587677213316,home_win,0.3243895145357055,0.17865045581523073,0.49696002964906383,1,1,draw
2018-07-03,2018,Sweden,Switzerland,1.0593991763283577,1.4837245964043582,1,1,away_win,0.27033958549498116,0.2601395423655008,0.4695208721395181,draw,0.33471698154694474,0.3638182809236676,0.30146473752938774,1,0,home_win
2018-07-06,2018,Brazil,Belgium,1.1231696681078849,1.5159745978081445,1,1,away_win,0.2813161489265216,0.2557182179652985,0.46296563310817984,draw,0.1488302803815936,0.4857336853369634,0.3654360342814429,1,2,away_win
2018-07-06,2018,Uruguay,France,1.1357541144695216,1.701343017225165,1,1,away_win,0.2542387397193374,0.23981153136041058,0.505949728920252,home_win,0.2770404713779905,0.2776497066220602,0.44530982199994934,0,2,away_win
2018-07-07,2018,Sweden,England,1.224611025827029,1.227143043392163,1,1,away_win,0.3628097413602921,0.2731635433138448,0.364026715325863,home_win,0.16994614505803599,0.3041608945441923,0.5258929603977717,0,2,away_win
2018-07-07,2018,Russia,Croatia,0.8988161960127528,2.009672531941829,0,2,away_win,0.16029676273127177,0.20767925832875525,0.6320239789399728,away_win,0.4950545569219244,0.28573861326677413,0.21920682981130135,2,2,draw
2018-07-10,2018,France,Belgium,1.0777034975862534,1.8983986952362166,1,1,away_win,0.21235695426994988,0.22252564600521718,0.5651173997248332,home_win,0.3238498903608664,0.2553167391847474,0.42083337045438607,1,0,home_win
2018-07-11,2018,Croatia,England,1.165075412279738,1.3125318312088055,1,1,away_win,0.3294702101018208,0.2705750599785367,0.39995472991964226,home_win,0.1764459027568877,0.2923635376860361,0.5311905595570762,2,1,home_win
2018-07-14,2018,Belgium,England,1.9980044050709989,0.8541193796953688,1,0,home_win,0.6405484442907604,0.20717882817622926,0.1522727275330103,home_win,0.01749092167497247,0.14183591444340765,0.84067316388162,2,0,home_win
2018-07-15,2018,France,Croatia,1.6561152677410549,1.1069933764460627,1,1,home_win,0.5017333044127591,0.24393208196842978,0.25433461361881105,home_win,0.0951952757193309,0.102637581819351,0.8021671424613182,4,2,home_win
2022-11-20,2022,Qatar,Ecuador,1.0500841032818893,1.352060961592381,1,1,away_win,0.29081305775447036,0.27254220177612504,0.43664474046940455,away_win,0.7297004726702369,0.14249867285772327,0.12780085447203982,0,2,away_win
2022-11-21,2022,Senegal,Netherlands,1.0053271388839953,1.7227060486683239,1,1,away_win,0.2198847381127436,0.23806693861224532,0.5420483232750111,away_win,0.721348118089353,0.1366808035714689,0.1419710783391781,0,2,away_win
2022-11-21,2022,England,Iran,1.4633268267259743,1.0301466227286658,1,1,home_win,0.4711189480503279,0.2627638041085203,0.2661172478411519,home_win,0.26531155234391385,0.2555792824078938,0.4791091652481923,6,2,home_win
2022-11-21,2022,United States,Wales,1.4683384171514864,1.0697631006342585,1,1,home_win,0.4630742957210508,0.26127602762447966,0.2756496766544695,away_win,0.39571831204625735,0.2709413714302087,0.33334031652353385,1,1,draw
2022-11-22,2022,France,Australia,1.6101255884404346,0.9723210072726834,1,0,home_win,0.5226999807750757,0.24915303821160295,0.2281469810133214,home_win,0.29198526700447075,0.14299011858167635,0.5650246144138529,4,1,home_win
2022-11-22,2022,Denmark,Tunisia,1.4872528786633998,0.9968692930469067,1,0,home_win,0.48536883400823827,0.26117448574997076,0.2534566802417909,home_win,0.253924468570063,0.22227092485932057,0.5238046065706164,0,0,draw
2022-11-22,2022,Argentina,Saudi Arabia,1.8674877563507448,0.6538095227302095,1,0,home_win,0.6640592763987582,0.2128352312015446,0.1231054923996973,home_win,0.12803388002415697,0.3484676492260667,0.5234984707497763,1,2,away_win
2022-11-22,2022,Mexico,Poland,1.2409024434533376,1.2165721921856496,1,1,home_win,0.36945889918781555,0.27276407380738793,0.3577770270047966,home_win,0.39571755114236523,0.17074567343356095,0.4335367754240737,0,0,draw
2022-11-23,2022,Germany,Japan,1.4334945657733704,1.0474878348034902,1,1,home_win,0.4591402810476268,0.2650995371689166,0.2757601817834567,home_win,0.23771008602550642,0.2601954292640345,0.5020944847104591,1,2,away_win
2022-11-23,2022,Spain,Costa Rica,1.5965236248753294,0.9825834047275271,1,0,home_win,0.5167903369439732,0.25046902509431657,0.2327406379617103,home_win,0.24983345599820594,0.1270518028959801,0.6231147411058139,7,0,home_win
2022-11-23,2022,Morocco,Croatia,1.2621576640331442,1.2639107605482447,1,1,away_win,0.365378727003667,0.2684107856225332,0.36621048737379985,home_win,0.31826063672689386,0.3000038507108626,0.38173551256224353,0,0,draw
2022-11-23,2022,Belgium,Canada,1.5784459500798733,1.0004276536357246,1,1,home_win,0.5079028424422334,0.2521229917947494,0.23997416576301742,home_win,0.1946457405372306,0.11248939367048634,0.692864865792283,1,0,home_win
2022-11-24,2022,Switzerland,Cameroon,1.362877466699055,1.0588033767887328,1,1,home_win,0.4375602373573944,0.2712071519084711,0.2912326107341346,home_win,0.23171451591925366,0.1618412845168399,0.6064441995639064,1,0,home_win
2022-11-24,2022,Brazil,Serbia,1.7069066675897893,0.997085150537654,1,0,home_win,0.5402803939858343,0.239562693795898,0.22015691221826783,home_win,0.18709767065642577,0.1865927155444944,0.6263096137990798,2,0,home_win
2022-11-24,2022,Uruguay,South Korea,1.3165135993994188,1.2689041135330574,1,1,home_win,0.3788307330593198,0.26469726700000373,0.35647199994067624,away_win,0.48822137661505355,0.15406326252716418,0.3577153608577823,0,0,draw
2022-11-24,2022,Portugal,Ghana,2.000149732975645,0.7886658308045651,2,0,home_win,0.6572003417144682,0.20421049441060837,0.13858916387492345,home_win,0.11806084932989008,0.11772601994640655,0.7642131307237034,3,2,home_win
2022-11-25,2022,England,United States,1.5701913956933702,0.9810698613215364,1,0,home_win,0.5105325349546002,0.2531186522626373,0.23634881278276243,home_win,0.3192836692759932,0.3128069811360138,0.36790934958799304,0,0,draw
2022-11-25,2022,Qatar,Senegal,0.930919141360987,1.654449509372583,0,1,away_win,0.21154064050826468,0.24458916307696624,0.5438701964147691,away_win,0.708028981256451,0.1415688915046019,0.15040212723894714,1,3,away_win
2022-11-25,2022,Netherlands,Ecuador,1.9432259537487413,0.8215805743324772,1,0,home_win,0.6371646387717742,0.2116059678395068,0.15122939338871896,home_win,0.25824493915469554,0.34275194627214745,0.39900311457315707,1,1,draw
2022-11-25,2022,Wales,Iran,0.9969568344936756,1.5417901630510054,0,1,away_win,0.24478579754458826,0.25577433079188044,0.4994398716635314,away_win,0.7420769429458187,0.06026797760305951,0.1976550794511219,0,2,away_win
2022-11-26,2022,Argentina,Mexico,1.7092535277944296,0.857111805748246,1,0,home_win,0.575654601038323,0.23794395887517725,0.1864014400864997,home_win,0.24748540357341153,0.3480577054913435,0.4044568909352449,2,0,home_win
2022-11-26,2022,Tunisia,Australia,1.168665030098989,1.188840113523826,1,1,away_win,0.355295392137721,0.2795476005284946,0.3651570073337845,away_win,0.37885687942284224,0.27701277951853415,0.34413034105862367,0,1,away_win
2022-11-26,2022,Poland,Saudi Arabia,1.3291964221101373,0.9465670976270271,1,0,home_win,0.45491827244113064,0.27876321636748475,0.2663185111913849,draw,0.23432500000353024,0.3981096609271552,0.3675653390693145,2,0,home_win
2022-11-26,2022,France,Denmark,1.373434402267856,1.2163849457980234,1,1,home_win,0.40503963180515307,0.263550258670491,0.33141010952435623,away_win,0.44385278110589466,0.18543227012836155,0.37071494876574385,2,1,home_win
2022-11-27,2022,Croatia,Canada,1.4500564722975677,1.032811752856092,1,1,home_win,0.46699129039907655,0.2639560252844303,0.2690526843164928,home_win,0.20283884056288246,0.23530716112243572,0.5618539983146819,4,1,home_win
2022-11-27,2022,Belgium,Morocco,1.3758187073146972,1.2225823601011685,1,1,home_win,0.4043257362415191,0.26309026607569513,0.33258399768278574,home_win,0.2804269166710763,0.10669230610601799,0.6128807772229058,0,2,away_win
2022-11-27,2022,Japan,Costa Rica,1.4118998393818776,0.9689558298986353,1,0,home_win,0.47214749873023726,0.2694225794272387,0.2584299218425241,home_win,0.31241179132993385,0.2658341838708165,0.42175402479924967,0,1,away_win
2022-11-27,2022,Spain,Germany,1.1844601354763378,1.453655499697397,1,1,away_win,0.30808056133393824,0.2589000071269631,0.4330194315390988,away_win,0.42362340536476095,0.2192577013084222,0.35711889332681673,1,1,draw
2022-11-28,2022,Cameroon,Serbia,0.9598774935917616,1.5930103752928935,0,1,away_win,0.22757302551565983,0.25094555121264667,0.5214814232716936,away_win,0.4132654638304198,0.2704831896914023,0.31625134647817804,3,3,draw
2022-11-28,2022,Brazil,Switzerland,1.882822084664809,0.853042080029236,1,0,home_win,0.6163017964613736,0.21908575684607923,0.16461244669254718,home_win,0.16877351024005008,0.2156118053147227,0.6156146844452272,1,0,home_win
2022-11-28,2022,South Korea,Ghana,1.7342242113387736,0.9282983363767962,1,0,home_win,0.5636907505097803,0.23627816500973473,0.20003108448048487,home_win,0.14323984913653498,0.19540018309496898,0.661359967768496,2,3,away_win
2022-11-28,2022,Portugal,Uruguay,1.4634775637779718,1.118486644808991,1,1,home_win,0.45050279788559794,0.2602992403919934,0.2891979617224086,away_win,0.5919797534246444,0.16938379975836299,0.23863644681699264,2,0,home_win
2022-11-29,2022,Ecuador,Senegal,1.0029734883313837,1.384391172940797,1,1,away_win,0.2722926083977547,0.27117977422864203,0.4565276173736035,away_win,0.7503708471406179,0.1828640981117157,0.06676505474766635,1,2,away_win
2022-11-29,2022,Qatar,Netherlands,0.7625576266117186,2.3222982698959767,0,2,away_win,0.1057506543434895,0.1706006713462034,0.7236486743103071,away_win,0.8423868702288616,0.08683435959581477,0.07077877017532351,0,2,away_win
2022-11-29,2022,Wales,England,0.862489832402221,1.8947206610309786,0,1,away_win,0.16532946100127127,0.21812987649531804,0.6165406625034107,away_win,0.8193709476698943,0.07485964231371256,0.10576941001639317,0,3,away_win
2022-11-29,2022,Iran,United States,1.2777111147719653,1.134024154970142,1,1,home_win,0.39727523099774764,0.2749386226844913,0.32778614631776093,away_win,0.47231488121008447,0.32056256162367575,0.20712255716623973,0,1,away_win
2022-11-30,2022,Poland,Argentina,0.8871485977611799,1.8045342637725508,0,1,away_win,0.18148266828901713,0.2282463745871437,0.5902709571238391,away_win,0.6393578380559487,0.24320408504717164,0.11743807689687974,0,2,away_win
2022-11-30,2022,Saudi Arabia,Mexico,0.8965876588736574,1.2841929169746809,0,1,away_win,0.25997114223407747,0.28559522285148903,0.4544336349144335,away_win,0.775510158096836,0.16568220522566496,0.05880763667749927,1,2,away_win
2022-11-30,2022,Australia,Denmark,1.0243548214637128,1.5023240302883452,1,1,away_win,0.2581564523145235,0.25916734894914184,0.4826761987363347,away_win,0.42477179680062327,0.3706206412635624,0.20460756193581434,1,0,home_win
2022-11-30,2022,Tunisia,France,0.9462316521823609,1.5939729832837877,0,1,away_win,0.2240068901092188,0.25090049461823055,0.5250926152725507,away_win,0.6429116517924898,0.29078300395994416,0.066305344247566,1,0,home_win
2022-12-01,2022,Canada,Morocco,1.0124517551373422,1.4194996174119705,1,1,away_win,0.2688262394773733,0.2674536411720678,0.46372011935055896,home_win,0.29419395408050736,0.3311451517815407,0.37466089413795195,1,2,away_win
2022-12-01,2022,Croatia,Belgium,1.248900276150638,1.403485868342573,1,1,away_win,0.3341616796345067,0.2599529729063041,0.40588534745918947,away_win,0.4961636860309381,0.3055037960092561,0.19833251795980575,0,0,draw
2022-12-01,2022,Costa Rica,Germany,0.8784128911554351,1.7516433005900776,0,1,away_win,0.18605093203695627,0.2336923384178262,0.5802567295452175,away_win,0.613606649271605,0.2636974017033929,0.12269594902500197,2,4,away_win
2022-12-01,2022,Japan,Spain,1.1717088552492043,1.306549078580452,1,1,away_win,0.3324307556350639,0.27068180938405983,0.3968874349808759,away_win,0.46639819191780996,0.31027741205113757,0.22332439603105259,2,1,home_win
2022-12-02,2022,Serbia,Switzerland,1.4749997236069157,1.1440121497157707,1,1,home_win,0.44765584327496694,0.2585523820206486,0.29379177470438417,home_win,0.24902477627498992,0.18013207252646404,0.570843151198546,2,3,away_win
2022-12-02,2022,Cameroon,Brazil,0.7157405573972273,2.0334614764314063,0,2,away_win,0.12085098174228169,0.19703751698322955,0.6821115012744886,away_win,0.7212459513487303,0.214832724903898,0.0639213237473717,1,0,home_win
2022-12-02,2022,Ghana,Uruguay,0.8935670421414929,1.7319739650076529,0,1,away_win,0.19212386722006927,0.23604545057380957,0.5718306822061211,away_win,0.8962375517557621,0.07268009490457163,0.03108235333966611,0,2,away_win
2022-12-02,2022,South Korea,Portugal,1.1199398251221708,1.520360223362779,1,1,away_win,0.2797429364648426,0.2554253109480489,0.4648317525871085,away_win,0.5162937696273793,0.28751391466308945,0.19619231570953122,2,1,home_win
2022-12-03,2022,Netherlands,United States,1.7839881641011823,1.0235576314367756,1,1,home_win,0.5520428482703766,0.23235331245339624,0.21560383927622734,home_win,0.07833333944858956,0.348687520097728,0.5729791404536825,3,1,home_win
2022-12-03,2022,Argentina,Australia,1.7631458170097754,0.9027714233811595,1,0,home_win,0.5768297621617787,0.23289760439925014,0.19027263343897097,home_win,0.029916643080074145,0.14297093319211499,0.8271124237278109,2,1,home_win
2022-12-04,2022,France,Poland,1.7524089865432981,1.0160780139362593,1,1,home_win,0.546469737586951,0.23528298646733037,0.2182472759457187,home_win,0.0486506874335542,0.13055249518986678,0.820796817376579,3,1,home_win
2022-12-04,2022,England,Senegal,1.6123919497913712,1.0246932096960906,1,1,home_win,0.5105303984669646,0.2486285203350833,0.24084108119795206,home_win,0.06474838053842767,0.24396099206984057,0.6912906273917317,3,0,home_win
2022-12-05,2022,Japan,Croatia,1.2250569042189172,1.2931832424979752,1,1,away_win,0.34946504217444807,0.2687100987562349,0.38182485906931685,home_win,0.15822991602736006,0.33607820304036357,0.5056918809322763,1,1,draw
2022-12-05,2022,Brazil,South Korea,1.8045055789589788,0.9887338836120879,1,0,home_win,0.5652109382793744,0.23001917589086668,0.20476988582975908,home_win,0.03235517770904332,0.10520825248940416,0.8624365698015525,4,1,home_win
2022-12-06,2022,Morocco,Spain,1.2837364622282768,1.3579409628284087,1,1,away_win,0.3521059118945092,0.26127133272020325,0.3866227553852874,home_win,0.0891376180763891,0.3315349184549467,0.5793274634686641,0,0,draw
2022-12-06,2022,Portugal,Switzerland,1.6869273192646208,1.0275064202369457,1,1,home_win,0.5281096305329941,0.24153035754601057,0.2303600119209953,home_win,0.05899786670443973,0.14961925237682633,0.791382880918734,6,1,home_win
2022-12-09,2022,Netherlands,Argentina,1.3924025051617988,1.3432933953668738,1,1,home_win,0.38317857781787973,0.25614026272008983,0.36068115946203055,home_win,0.1547758819102244,0.41553569224976894,0.42968842584000666,2,2,draw
2022-12-09,2022,Croatia,Brazil,1.0501761333510753,1.6616881096510825,1,1,away_win,0.2396195074328894,0.24383503303318063,0.51654545953393,draw,0.3139890808056004,0.38347252960257777,0.3025383895918219,1,1,draw
2022-12-10,2022,Morocco,Portugal,1.2008179959445544,1.4152734425356972,1,1,away_win,0.319405207040617,0.26117938752391223,0.4194154054354709,home_win,0.11582189740454497,0.42926657187371214,0.45491153072174284,1,0,home_win
2022-12-10,2022,England,France,1.40364119001796,1.2503420929926476,1,1,home_win,0.40561584793581956,0.2598774795613906,0.3345066725027899,home_win,0.14850142761648097,0.4256898455336103,0.42580872684990884,1,2,away_win
2022-12-13,2022,Argentina,Croatia,1.5764565190906141,1.0840393232019818,1,1,home_win,0.4874149972706945,0.2512497457593373,0.26133525696996807,home_win,0.06946730491481214,0.21841304869098982,0.7121196463941981,3,0,home_win
2022-12-14,2022,France,Morocco,1.455311941449651,1.1786277843897686,1,1,home_win,0.434751165617955,0.2589789443883709,0.306269889993674,home_win,0.07219477966540412,0.12658007158933285,0.8012251487452631,2,0,home_win
2022-12-17,2022,Croatia,Morocco,1.3033642974681043,1.3015564772650334,1,1,home_win,0.36860933721293765,0.26362762434681003,0.36776303844025215,home_win,0.0717448105277455,0.19447449395566227,0.7337806955165922,2,1,home_win
2022-12-18,2022,Argentina,France,1.427564217717942,1.2104178203450053,1,1,home_win,0.4205061565354778,0.2598795889363421,0.31961425452818004,home_win,0.1409397320827448,0.41664044664082395,0.4424198212764313,3,3,draw
